Timestamp,Ruangan,Suhu (C),Kelembapan (%)
2026-06-25T23:19:37.296Z,Ruang Bayi 1 (NICU),29.9,85.8
2026-06-25T23:19:37.296Z,Ruang Bayi 1 (NICU),29.8,86.5
2026-06-25T23:19:37.296Z,Ruang Bayi 1 (NICU),29.8,86.4
2026-06-25T23:19:37.296Z,Ruang Bayi 1 (NICU),29.8,86.4
2026-06-25T23:19:37.296Z,Ruang Bayi 1 (NICU),29.8,86.3
2026-06-25T23:19:37.296Z,Ruang Bayi 1 (NICU),29.8,86.5
2026-06-25T23:19:37.296Z,Ruang Bayi 1 (NICU),29.8,86.4
2026-06-25T23:19:37.296Z,Ruang Bayi 1 (NICU),29.8,86.3
2026-06-25T23:19:37.296Z,Ruang Bayi 1 (NICU),29.8,86.2
2026-06-25T23:19:37.296Z,Ruang Bayi 1 (NICU),29.8,86.1
2026-06-25T23:19:37.296Z,Ruang Bayi 1 (NICU),29.8,86.2
2026-06-25T23:19:37.296Z,Ruang Bayi 1 (NICU),29.9,86.2
2026-06-25T23:19:37.296Z,Ruang Bayi 1 (NICU),29.9,86
2026-06-25T23:19:37.296Z,Ruang Bayi 1 (NICU),29.9,86
2026-06-25T23:19:37.296Z,Ruang Bayi 1 (NICU),29.9,85.9
2026-06-25T23:19:37.296Z,Ruang Bayi 1 (NICU),29.9,85.9
2026-06-25T23:19:37.296Z,Ruang Bayi 1 (NICU),29.8,86.6
2026-06-25T23:19:37.296Z,Ruang Bayi 1 (NICU),29.9,85.8
2026-06-25T23:19:37.296Z,Ruang Bayi 1 (NICU),30,85.8
2026-06-25T23:19:37.296Z,Ruang Bayi 1 (NICU),30,85.9
2026-06-25T23:19:37.296Z,Ruang Bayi 1 (NICU),30,85.9
2026-06-25T23:19:37.297Z,Ruang Bayi 1 (NICU),30,85.7
2026-06-25T23:19:37.297Z,Ruang Bayi 1 (NICU),30,85.6
2026-06-25T23:19:37.297Z,Ruang Bayi 1 (NICU),30.1,85.6
2026-06-25T23:19:37.297Z,Ruang Bayi 1 (NICU),30.1,85.6
2026-06-25T23:19:37.297Z,Ruang Bayi 1 (NICU),30.1,85.5
2026-06-25T23:19:37.297Z,Ruang Bayi 1 (NICU),30.1,85.3
2026-06-25T23:19:37.297Z,Ruang Bayi 1 (NICU),30.1,85.4
2026-06-25T23:19:37.297Z,Ruang Bayi 1 (NICU),30.1,85.6
2026-06-25T23:19:37.297Z,Ruang Bayi 1 (NICU),30.2,85.5
2026-06-25T23:19:37.297Z,Ruang Bayi 1 (NICU),30.2,85.5
2026-06-25T23:19:37.297Z,Ruang Bayi 1 (NICU),29.7,86.7
2026-06-25T23:19:37.297Z,Ruang Bayi 1 (NICU),29.7,86.9
2026-06-25T23:19:37.297Z,Ruang Bayi 1 (NICU),29.7,86.9
2026-06-25T23:19:37.297Z,Ruang Bayi 1 (NICU),29.7,86.8
2026-06-25T23:19:37.297Z,Ruang Bayi 1 (NICU),29.7,86.9
2026-06-25T23:19:37.297Z,Ruang Bayi 1 (NICU),29.7,86.8
2026-06-25T23:19:37.297Z,Ruang Bayi 1 (NICU),29.7,86.9
2026-06-25T23:19:37.297Z,Ruang Bayi 1 (NICU),29.7,86.8
2026-06-25T23:19:37.297Z,Ruang Bayi 1 (NICU),29.7,86.9
2026-06-25T23:19:37.297Z,Ruang Bayi 1 (NICU),29.7,86.8
2026-06-25T23:19:37.297Z,Ruang Bayi 1 (NICU),29.7,86.8
2026-06-25T23:19:37.297Z,Ruang Bayi 1 (NICU),29.7,86.9
2026-06-25T23:19:37.297Z,Ruang Bayi 1 (NICU),29.7,86.8
2026-06-25T23:19:37.297Z,Ruang Bayi 1 (NICU),29.7,86.8
2026-06-25T23:19:37.297Z,Ruang Bayi 1 (NICU),29.7,86.9
2026-06-25T23:19:37.297Z,Ruang Bayi 1 (NICU),29.7,86.7
2026-06-25T23:19:37.297Z,Ruang Bayi 1 (NICU),30.3,85.4
2026-06-25T23:19:37.297Z,Ruang Bayi 1 (NICU),29.7,86.9
2026-06-25T23:19:37.297Z,Ruang Bayi 1 (NICU),29.7,86.9
2026-06-25T23:19:37.297Z,Ruang Bayi 1 (NICU),29.7,86.9
2026-06-25T23:19:37.297Z,Ruang Bayi 1 (NICU),29.7,86.9
2026-06-25T23:19:37.297Z,Ruang Bayi 1 (NICU),29.7,87.1
2026-06-25T23:19:37.297Z,Ruang Bayi 1 (NICU),29.7,87
2026-06-25T23:19:37.297Z,Ruang Bayi 1 (NICU),29.7,86.9
2026-06-25T23:19:37.297Z,Ruang Bayi 1 (NICU),29.7,86.9
2026-06-25T23:19:37.297Z,Ruang Bayi 1 (NICU),29.7,86.8
2026-06-25T23:19:37.297Z,Ruang Bayi 1 (NICU),29.7,86.7
2026-06-25T23:19:37.297Z,Ruang Bayi 1 (NICU),29.7,86.7
2026-06-25T23:19:37.309Z,Ruang Bayi 1 (NICU),29.8,86.6
2026-06-25T23:19:37.309Z,Ruang Bayi 1 (NICU),29.7,86.6
2026-06-25T23:19:37.309Z,Ruang Bayi 1 (NICU),29.8,86.7
2026-06-25T23:19:37.309Z,Ruang Bayi 1 (NICU),32.8,100
2026-06-25T23:19:37.309Z,Ruang Bayi 1 (NICU),31.6,83.3
2026-06-25T23:19:37.309Z,Ruang Bayi 1 (NICU),31.7,83.1
2026-06-25T23:19:37.309Z,Ruang Bayi 1 (NICU),31.7,83.1
2026-06-25T23:19:37.309Z,Ruang Bayi 1 (NICU),31.8,83.4
2026-06-25T23:19:37.309Z,Ruang Bayi 1 (NICU),31.9,83.6
2026-06-25T23:19:37.309Z,Ruang Bayi 1 (NICU),32,83.8
2026-06-25T23:19:37.309Z,Ruang Bayi 1 (NICU),32,84.2
2026-06-25T23:19:37.309Z,Ruang Bayi 1 (NICU),32.1,85
2026-06-25T23:19:37.309Z,Ruang Bayi 1 (NICU),32.2,86.7
2026-06-25T23:19:37.309Z,Ruang Bayi 1 (NICU),32.2,88.2
2026-06-25T23:19:37.309Z,Ruang Bayi 1 (NICU),32.3,90.5
2026-06-25T23:19:37.309Z,Ruang Bayi 1 (NICU),32.4,92.8
2026-06-25T23:19:37.309Z,Ruang Bayi 1 (NICU),32.5,94.7
2026-06-25T23:19:37.309Z,Ruang Bayi 1 (NICU),32.6,94.3
2026-06-25T23:19:37.309Z,Ruang Bayi 1 (NICU),32.7,97.6
2026-06-25T23:19:37.309Z,Ruang Bayi 1 (NICU),31.5,83.4
2026-06-25T23:19:37.309Z,Ruang Bayi 1 (NICU),33,100
2026-06-25T23:19:37.309Z,Ruang Bayi 1 (NICU),33.2,100
2026-06-25T23:19:37.309Z,Ruang Bayi 1 (NICU),33.4,100
2026-06-25T23:19:37.309Z,Ruang Bayi 1 (NICU),33.6,100
2026-06-25T23:19:37.309Z,Ruang Bayi 1 (NICU),33.9,100
2026-06-25T23:19:37.309Z,Ruang Bayi 1 (NICU),32.4,100
2026-06-25T23:19:37.309Z,Ruang Bayi 1 (NICU),34.7,100
2026-06-25T23:19:37.309Z,Ruang Bayi 1 (NICU),34.2,100
2026-06-25T23:19:37.309Z,Ruang Bayi 1 (NICU),34.7,100
2026-06-25T23:19:37.309Z,Ruang Bayi 1 (NICU),34.6,100
2026-06-25T23:19:37.309Z,Ruang Bayi 1 (NICU),34.6,100
2026-06-25T23:19:37.309Z,Ruang Bayi 1 (NICU),34.3,100
2026-06-25T23:19:37.309Z,Ruang Bayi 1 (NICU),34,100
2026-06-25T23:19:37.309Z,Ruang Bayi 1 (NICU),33.7,100
2026-06-25T23:19:37.310Z,Ruang Bayi 1 (NICU),30.7,84.8
2026-06-25T23:19:37.310Z,Ruang Bayi 1 (NICU),30.4,85.5
2026-06-25T23:19:37.310Z,Ruang Bayi 1 (NICU),30.4,85.3
2026-06-25T23:19:37.310Z,Ruang Bayi 1 (NICU),30.4,85.3
2026-06-25T23:19:37.310Z,Ruang Bayi 1 (NICU),30.4,85.3
2026-06-25T23:19:37.310Z,Ruang Bayi 1 (NICU),30.5,85.2
2026-06-25T23:19:37.310Z,Ruang Bayi 1 (NICU),30.5,85
2026-06-25T23:19:37.310Z,Ruang Bayi 1 (NICU),30.5,85
2026-06-25T23:19:37.310Z,Ruang Bayi 1 (NICU),30.5,85.1
2026-06-25T23:19:37.310Z,Ruang Bayi 1 (NICU),30.5,85.4
2026-06-25T23:19:37.310Z,Ruang Bayi 1 (NICU),30.6,84.9
2026-06-25T23:19:37.310Z,Ruang Bayi 1 (NICU),30.6,84.7
2026-06-25T23:19:37.310Z,Ruang Bayi 1 (NICU),30.6,84.8
2026-06-25T23:19:37.310Z,Ruang Bayi 1 (NICU),30.7,84.9
2026-06-25T23:19:37.310Z,Ruang Bayi 1 (NICU),30.7,84.8
2026-06-25T23:19:37.326Z,Ruang Bayi 1 (NICU),29.7,86.9
2026-06-25T23:19:37.326Z,Ruang Bayi 1 (NICU),30.8,84.5
2026-06-25T23:19:37.326Z,Ruang Bayi 1 (NICU),30.8,84.3
2026-06-25T23:19:37.326Z,Ruang Bayi 1 (NICU),30.9,84.3
2026-06-25T23:19:37.326Z,Ruang Bayi 1 (NICU),30.9,84.5
2026-06-25T23:19:37.326Z,Ruang Bayi 1 (NICU),31,84.4
2026-06-25T23:19:37.326Z,Ruang Bayi 1 (NICU),31,84.2
2026-06-25T23:19:37.326Z,Ruang Bayi 1 (NICU),31.1,84.2
2026-06-25T23:19:37.326Z,Ruang Bayi 1 (NICU),31.1,84
2026-06-25T23:19:37.326Z,Ruang Bayi 1 (NICU),31.2,83.9
2026-06-25T23:19:37.326Z,Ruang Bayi 1 (NICU),31.2,83.7
2026-06-25T23:19:37.326Z,Ruang Bayi 1 (NICU),31.3,83.7
2026-06-25T23:19:37.326Z,Ruang Bayi 1 (NICU),31.3,83.6
2026-06-25T23:19:37.326Z,Ruang Bayi 1 (NICU),31.4,83.6
2026-06-25T23:19:37.326Z,Ruang Bayi 1 (NICU),31.4,83.6
2026-06-25T23:19:37.326Z,Ruang Bayi 1 (NICU),31.5,100
2026-06-25T23:19:37.326Z,Ruang Bayi 1 (NICU),32.7,100
2026-06-25T23:19:37.326Z,Ruang Bayi 1 (NICU),33,100
2026-06-25T23:19:37.326Z,Ruang Bayi 1 (NICU),33.4,100
2026-06-25T23:19:37.326Z,Ruang Bayi 1 (NICU),33.7,100
2026-06-25T23:19:37.326Z,Ruang Bayi 1 (NICU),34.1,100
2026-06-25T23:19:37.326Z,Ruang Bayi 1 (NICU),34.5,100
2026-06-25T23:19:37.326Z,Ruang Bayi 1 (NICU),35,100
2026-06-25T23:19:37.327Z,Ruang Bayi 1 (NICU),35.2,100
2026-06-25T23:19:37.327Z,Ruang Bayi 1 (NICU),35.1,100
2026-06-25T23:19:37.327Z,Ruang Bayi 1 (NICU),35,100
2026-06-25T23:19:37.327Z,Ruang Bayi 1 (NICU),34.8,100
2026-06-25T23:19:37.327Z,Ruang Bayi 1 (NICU),34.6,100
2026-06-25T23:19:37.327Z,Ruang Bayi 1 (NICU),34.4,100
2026-06-25T23:19:37.327Z,Ruang Bayi 1 (NICU),34,100
2026-06-25T23:19:37.327Z,Ruang Bayi 1 (NICU),33.2,100
2026-06-25T23:19:37.327Z,Ruang Bayi 1 (NICU),32.5,100
2026-06-25T23:19:37.327Z,Ruang Bayi 1 (NICU),31.1,100
2026-06-25T23:19:37.327Z,Ruang Bayi 1 (NICU),30.4,91
2026-06-25T23:19:37.327Z,Ruang Bayi 1 (NICU),30.4,90.1
2026-06-25T23:19:37.327Z,Ruang Bayi 1 (NICU),30.4,90.7
2026-06-25T23:19:37.327Z,Ruang Bayi 1 (NICU),30.4,91.4
2026-06-25T23:19:37.327Z,Ruang Bayi 1 (NICU),30.4,92.6
2026-06-25T23:19:37.327Z,Ruang Bayi 1 (NICU),30.5,93.6
2026-06-25T23:19:37.327Z,Ruang Bayi 1 (NICU),30.5,94.9
2026-06-25T23:19:37.327Z,Ruang Bayi 1 (NICU),30.5,96
2026-06-25T23:19:37.327Z,Ruang Bayi 1 (NICU),30.6,97.2
2026-06-25T23:19:37.327Z,Ruang Bayi 1 (NICU),30.6,98
2026-06-25T23:19:37.327Z,Ruang Bayi 1 (NICU),30.7,99.6
2026-06-25T23:19:37.327Z,Ruang Bayi 1 (NICU),30.7,100
2026-06-25T23:19:37.327Z,Ruang Bayi 1 (NICU),30.8,100
2026-06-25T23:19:37.327Z,Ruang Bayi 1 (NICU),31,87.3
2026-06-25T23:19:37.327Z,Ruang Bayi 1 (NICU),30.4,86.9
2026-06-25T23:19:37.327Z,Ruang Bayi 1 (NICU),30.4,86.8
2026-06-25T23:19:37.327Z,Ruang Bayi 1 (NICU),30.4,86.9
2026-06-25T23:19:37.327Z,Ruang Bayi 1 (NICU),30.5,86.8
2026-06-25T23:19:37.327Z,Ruang Bayi 1 (NICU),30.5,86.9
2026-06-25T23:19:37.327Z,Ruang Bayi 1 (NICU),30.5,86.8
2026-06-25T23:19:37.327Z,Ruang Bayi 1 (NICU),30.6,86.8
2026-06-25T23:19:37.327Z,Ruang Bayi 1 (NICU),30.6,86.8
2026-06-25T23:19:37.327Z,Ruang Bayi 1 (NICU),30.7,86.7
2026-06-25T23:19:37.327Z,Ruang Bayi 1 (NICU),30.7,86.5
2026-06-25T23:19:37.327Z,Ruang Bayi 1 (NICU),30.7,86.9
2026-06-25T23:19:37.327Z,Ruang Bayi 1 (NICU),30.8,87.3
2026-06-25T23:19:37.327Z,Ruang Bayi 1 (NICU),30.8,87.4
2026-06-25T23:19:37.327Z,Ruang Bayi 1 (NICU),30.9,87.4
2026-06-25T23:19:37.327Z,Ruang Bayi 1 (NICU),30.9,87
2026-06-25T23:19:37.327Z,Ruang Bayi 1 (NICU),30.9,100
2026-06-25T23:19:37.327Z,Ruang Bayi 1 (NICU),31,87.8
2026-06-25T23:19:37.327Z,Ruang Bayi 1 (NICU),31.1,89
2026-06-25T23:19:37.328Z,Ruang Bayi 1 (NICU),31.1,89.4
2026-06-25T23:19:37.328Z,Ruang Bayi 1 (NICU),31.1,90.5
2026-06-25T23:19:37.328Z,Ruang Bayi 1 (NICU),31.2,91.8
2026-06-25T23:19:37.328Z,Ruang Bayi 1 (NICU),31.3,93.5
2026-06-25T23:19:37.328Z,Ruang Bayi 1 (NICU),31.3,96.1
2026-06-25T23:19:37.328Z,Ruang Bayi 1 (NICU),31.4,98.8
2026-06-25T23:19:37.328Z,Ruang Bayi 1 (NICU),31.5,100
2026-06-25T23:19:37.328Z,Ruang Bayi 1 (NICU),31.6,100
2026-06-25T23:19:37.328Z,Ruang Bayi 1 (NICU),31.7,100
2026-06-25T23:19:37.328Z,Ruang Bayi 1 (NICU),31.9,100
2026-06-25T23:19:37.328Z,Ruang Bayi 1 (NICU),32,100
2026-06-25T23:19:37.328Z,Ruang Bayi 1 (NICU),32.3,100
2026-06-25T23:19:37.328Z,Ruang Bayi 1 (NICU),33.3,100
2026-06-25T23:19:37.328Z,Ruang Bayi 1 (NICU),34.3,100
2026-06-25T23:19:37.328Z,Ruang Bayi 1 (NICU),34,100
2026-06-25T23:19:37.328Z,Ruang Bayi 1 (NICU),34,100
2026-06-25T23:19:37.328Z,Ruang Bayi 1 (NICU),33.8,100
2026-06-25T23:19:37.328Z,Ruang Bayi 1 (NICU),34.2,100
2026-06-25T23:19:37.328Z,Ruang Bayi 1 (NICU),34.7,100
2026-06-25T23:19:37.328Z,Ruang Bayi 1 (NICU),35.1,100
2026-06-25T23:19:37.328Z,Ruang Bayi 1 (NICU),35.3,100
2026-06-25T23:19:37.328Z,Ruang Bayi 1 (NICU),35.2,100
2026-06-25T23:19:37.328Z,Ruang Bayi 1 (NICU),35.2,100
2026-06-25T23:19:37.328Z,Ruang Bayi 1 (NICU),35,100
2026-06-25T23:19:37.328Z,Ruang Bayi 1 (NICU),34.9,100
2026-06-25T23:19:37.328Z,Ruang Bayi 1 (NICU),34.6,100
2026-06-25T23:19:37.328Z,Ruang Bayi 1 (NICU),34.3,100
2026-06-25T23:19:37.328Z,Ruang Bayi 1 (NICU),33.9,100
2026-06-25T23:19:37.328Z,Ruang Bayi 1 (NICU),34.6,100
2026-06-25T23:19:37.328Z,Ruang Bayi 1 (NICU),32.3,100
2026-06-25T23:19:37.328Z,Ruang Bayi 1 (NICU),30,99.3
2026-06-25T23:19:37.328Z,Ruang Bayi 1 (NICU),29.7,92
2026-06-25T23:19:37.328Z,Ruang Bayi 1 (NICU),29.6,86.8
2026-06-25T23:19:37.328Z,Ruang Bayi 1 (NICU),29.6,86.9
2026-06-25T23:19:37.328Z,Ruang Bayi 1 (NICU),29.6,87
2026-06-25T23:19:37.328Z,Ruang Bayi 1 (NICU),29.6,87
2026-06-25T23:19:37.328Z,Ruang Bayi 1 (NICU),29.6,87.2
2026-06-25T23:19:37.328Z,Ruang Bayi 1 (NICU),29.6,87.4
2026-06-25T23:19:37.328Z,Ruang Bayi 1 (NICU),29.6,87.2
2026-06-25T23:19:37.328Z,Ruang Bayi 1 (NICU),29.7,87
2026-06-25T23:19:37.328Z,Ruang Bayi 1 (NICU),29.6,87.1
2026-06-25T23:19:37.328Z,Ruang Bayi 1 (NICU),29.6,87.2
2026-06-25T23:19:37.328Z,Ruang Bayi 1 (NICU),29.7,86.9
2026-06-25T23:19:37.328Z,Ruang Bayi 1 (NICU),32.9,100
2026-06-25T23:19:37.328Z,Ruang Bayi 1 (NICU),31,100
2026-06-25T23:19:37.328Z,Ruang Bayi 1 (NICU),31,100
2026-06-25T23:19:37.328Z,Ruang Bayi 1 (NICU),31.1,100
2026-06-25T23:19:37.328Z,Ruang Bayi 1 (NICU),31.2,100
2026-06-25T23:19:37.328Z,Ruang Bayi 1 (NICU),31.3,100
2026-06-25T23:19:37.329Z,Ruang Bayi 1 (NICU),31.4,100
2026-06-25T23:19:37.329Z,Ruang Bayi 1 (NICU),31.6,100
2026-06-25T23:19:37.329Z,Ruang Bayi 1 (NICU),31.7,100
2026-06-25T23:19:37.329Z,Ruang Bayi 1 (NICU),31.9,100
2026-06-25T23:19:37.329Z,Ruang Bayi 1 (NICU),32,100
2026-06-25T23:19:37.329Z,Ruang Bayi 1 (NICU),32.2,100
2026-06-25T23:19:37.329Z,Ruang Bayi 1 (NICU),32.3,100
2026-06-25T23:19:37.329Z,Ruang Bayi 1 (NICU),32.5,100
2026-06-25T23:19:37.329Z,Ruang Bayi 1 (NICU),32.7,100
2026-06-25T23:19:37.329Z,Ruang Bayi 1 (NICU),32.4,100
2026-06-25T23:19:37.329Z,Ruang Bayi 1 (NICU),33.1,100
2026-06-25T23:19:37.329Z,Ruang Bayi 1 (NICU),33.4,100
2026-06-25T23:19:37.329Z,Ruang Bayi 1 (NICU),33.6,100
2026-06-25T23:19:37.329Z,Ruang Bayi 1 (NICU),33.9,100
2026-06-25T23:19:37.329Z,Ruang Bayi 1 (NICU),34.2,100
2026-06-25T23:19:37.329Z,Ruang Bayi 1 (NICU),34.5,100
2026-06-25T23:19:37.329Z,Ruang Bayi 1 (NICU),34.9,100
2026-06-25T23:19:37.329Z,Ruang Bayi 1 (NICU),35.3,100
2026-06-25T23:19:37.329Z,Ruang Bayi 1 (NICU),35.3,100
2026-06-25T23:19:37.329Z,Ruang Bayi 1 (NICU),35.2,100
2026-06-25T23:19:37.329Z,Ruang Bayi 1 (NICU),35,100
2026-06-25T23:19:37.329Z,Ruang Bayi 1 (NICU),34.9,100
2026-06-25T23:19:37.329Z,Ruang Bayi 1 (NICU),34.7,100
2026-06-25T23:19:37.329Z,Ruang Bayi 1 (NICU),34.7,100
2026-06-25T23:19:37.329Z,Ruang Bayi 1 (NICU),30.6,84
2026-06-25T23:19:37.329Z,Ruang Bayi 1 (NICU),30.5,84.3
2026-06-25T23:19:37.329Z,Ruang Bayi 1 (NICU),30.5,84
2026-06-25T23:19:37.329Z,Ruang Bayi 1 (NICU),30.5,84.2
2026-06-25T23:19:37.329Z,Ruang Bayi 1 (NICU),30.6,84.1
2026-06-25T23:19:37.329Z,Ruang Bayi 1 (NICU),30.5,83.8
2026-06-25T23:19:37.329Z,Ruang Bayi 1 (NICU),30.5,83.7
2026-06-25T23:19:37.351Z,Ruang Bayi 1 (NICU),30.5,83.7
2026-06-25T23:19:37.351Z,Ruang Bayi 1 (NICU),30.6,83.7
2026-06-25T23:19:37.351Z,Ruang Bayi 1 (NICU),30.5,83.9
2026-06-25T23:19:37.351Z,Ruang Bayi 1 (NICU),30.6,83.8
2026-06-25T23:19:37.351Z,Ruang Bayi 1 (NICU),30.6,83.8
2026-06-25T23:19:37.351Z,Ruang Bayi 1 (NICU),30.6,83.9
2026-06-25T23:19:37.351Z,Ruang Bayi 1 (NICU),30.6,84
2026-06-25T23:19:37.351Z,Ruang Bayi 1 (NICU),30.6,84
2026-06-25T23:19:37.351Z,Ruang Bayi 1 (NICU),30.6,83.9
2026-06-25T23:19:37.351Z,Ruang Bayi 1 (NICU),30.5,84.2
2026-06-25T23:19:37.351Z,Ruang Bayi 1 (NICU),30.6,84.1
2026-06-25T23:19:37.351Z,Ruang Bayi 1 (NICU),30.6,84.2
2026-06-25T23:19:37.351Z,Ruang Bayi 1 (NICU),30.6,84.1
2026-06-25T23:19:37.351Z,Ruang Bayi 1 (NICU),30.6,84.1
2026-06-25T23:19:37.351Z,Ruang Bayi 1 (NICU),30.6,84
2026-06-25T23:19:37.351Z,Ruang Bayi 1 (NICU),30.6,84.1
2026-06-25T23:19:37.351Z,Ruang Bayi 1 (NICU),30.6,84
2026-06-25T23:19:37.351Z,Ruang Bayi 1 (NICU),30.6,84
2026-06-25T23:19:37.351Z,Ruang Bayi 1 (NICU),30.6,84
2026-06-25T23:19:37.351Z,Ruang Bayi 1 (NICU),30.6,84
2026-06-25T23:19:37.351Z,Ruang Bayi 1 (NICU),30.6,84
2026-06-25T23:19:37.351Z,Ruang Bayi 1 (NICU),30.6,84
2026-06-25T23:19:37.351Z,Ruang Bayi 1 (NICU),30.6,84
2026-06-25T23:19:37.351Z,Ruang Bayi 1 (NICU),30.6,83.9
2026-06-25T23:19:37.351Z,Ruang Bayi 1 (NICU),30.2,84.6
2026-06-25T23:19:37.351Z,Ruang Bayi 1 (NICU),30.3,85.5
2026-06-25T23:19:37.351Z,Ruang Bayi 1 (NICU),30.3,85.5
2026-06-25T23:19:37.351Z,Ruang Bayi 1 (NICU),30.2,85.3
2026-06-25T23:19:37.351Z,Ruang Bayi 1 (NICU),30.3,85.3
2026-06-25T23:19:37.351Z,Ruang Bayi 1 (NICU),30.2,85.4
2026-06-25T23:19:37.351Z,Ruang Bayi 1 (NICU),30.2,85.2
2026-06-25T23:19:37.351Z,Ruang Bayi 1 (NICU),30.2,85.4
2026-06-25T23:19:37.351Z,Ruang Bayi 1 (NICU),30.2,85
2026-06-25T23:19:37.351Z,Ruang Bayi 1 (NICU),30.2,85.1
2026-06-25T23:19:37.351Z,Ruang Bayi 1 (NICU),30.2,85
2026-06-25T23:19:37.351Z,Ruang Bayi 1 (NICU),30.2,84.9
2026-06-25T23:19:37.351Z,Ruang Bayi 1 (NICU),30.2,85
2026-06-25T23:19:37.351Z,Ruang Bayi 1 (NICU),30.2,84.9
2026-06-25T23:19:37.351Z,Ruang Bayi 1 (NICU),30.2,84.8
2026-06-25T23:19:37.351Z,Ruang Bayi 1 (NICU),30.2,84.8
2026-06-25T23:19:37.351Z,Ruang Bayi 1 (NICU),30.6,84
2026-06-25T23:19:37.351Z,Ruang Bayi 1 (NICU),30.3,84.5
2026-06-25T23:19:37.351Z,Ruang Bayi 1 (NICU),30.2,84.9
2026-06-25T23:19:37.351Z,Ruang Bayi 1 (NICU),30.3,84.7
2026-06-25T23:19:37.351Z,Ruang Bayi 1 (NICU),30.3,84.6
2026-06-25T23:19:37.351Z,Ruang Bayi 1 (NICU),30.3,84.6
2026-06-25T23:19:37.351Z,Ruang Bayi 1 (NICU),30.3,84.7
2026-06-25T23:19:37.351Z,Ruang Bayi 1 (NICU),30.3,84.6
2026-06-25T23:19:37.351Z,Ruang Bayi 1 (NICU),30.5,85.1
2026-06-25T23:19:37.351Z,Ruang Bayi 1 (NICU),30.5,83.8
2026-06-25T23:19:37.351Z,Ruang Bayi 1 (NICU),30.5,83.8
2026-06-25T23:19:37.351Z,Ruang Bayi 1 (NICU),30.5,83.7
2026-06-25T23:19:37.352Z,Ruang Bayi 1 (NICU),30.5,83.9
2026-06-25T23:19:37.352Z,Ruang Bayi 1 (NICU),30.5,84.2
2026-06-25T23:19:37.352Z,Ruang Bayi 1 (NICU),30.5,83.8
2026-06-25T23:19:37.352Z,Ruang Bayi 1 (NICU),30.7,83.2
2026-06-25T23:19:37.352Z,Ruang Bayi 1 (NICU),30.6,84
2026-06-25T23:19:37.352Z,Ruang Bayi 1 (NICU),30.6,83.9
2026-06-25T23:19:37.352Z,Ruang Bayi 1 (NICU),30.6,83.9
2026-06-25T23:19:37.352Z,Ruang Bayi 1 (NICU),30.6,83.7
2026-06-25T23:19:37.352Z,Ruang Bayi 1 (NICU),30.6,83.7
2026-06-25T23:19:37.352Z,Ruang Bayi 1 (NICU),30.7,83.6
2026-06-25T23:19:37.352Z,Ruang Bayi 1 (NICU),30.6,83.6
2026-06-25T23:19:37.352Z,Ruang Bayi 1 (NICU),30.7,83.7
2026-06-25T23:19:37.352Z,Ruang Bayi 1 (NICU),30.7,83.7
2026-06-25T23:19:37.352Z,Ruang Bayi 1 (NICU),30.7,83.6
2026-06-25T23:19:37.352Z,Ruang Bayi 1 (NICU),30.7,83.7
2026-06-25T23:19:37.352Z,Ruang Bayi 1 (NICU),30.7,83.6
2026-06-25T23:19:37.352Z,Ruang Bayi 1 (NICU),30.7,83.3
2026-06-25T23:19:37.352Z,Ruang Bayi 1 (NICU),30.7,83.1
2026-06-25T23:19:37.352Z,Ruang Bayi 1 (NICU),30.7,83.2
2026-06-25T23:19:37.352Z,Ruang Bayi 1 (NICU),30.6,84
2026-06-25T23:19:37.352Z,Ruang Bayi 1 (NICU),30.7,83.2
2026-06-25T23:19:37.352Z,Ruang Bayi 1 (NICU),30.7,83.1
2026-06-25T23:19:37.352Z,Ruang Bayi 1 (NICU),30.7,83.1
2026-06-25T23:19:37.352Z,Ruang Bayi 1 (NICU),30.7,83.1
2026-06-25T23:19:37.352Z,Ruang Bayi 1 (NICU),30.7,83.1
2026-06-25T23:19:37.352Z,Ruang Bayi 1 (NICU),30.7,83.3
2026-06-25T23:19:37.352Z,Ruang Bayi 1 (NICU),30.7,83.4
2026-06-25T23:19:37.352Z,Ruang Bayi 1 (NICU),30.7,83.6
2026-06-25T23:19:37.352Z,Ruang Bayi 1 (NICU),30.7,83.7
2026-06-25T23:19:37.352Z,Ruang Bayi 1 (NICU),30.7,83.7
2026-06-25T23:19:37.352Z,Ruang Bayi 1 (NICU),30.7,83.9
2026-06-25T23:19:37.352Z,Ruang Bayi 1 (NICU),30.7,83.5
2026-06-25T23:19:37.352Z,Ruang Bayi 1 (NICU),30.7,83.3
2026-06-25T23:19:37.352Z,Ruang Bayi 1 (NICU),30.7,83.4
2026-06-25T23:19:37.352Z,Ruang Bayi 1 (NICU),30.6,84.5
2026-06-25T23:19:37.352Z,Ruang Bayi 1 (NICU),30.6,84
2026-06-25T23:19:37.352Z,Ruang Bayi 1 (NICU),30.6,84
2026-06-25T23:19:37.352Z,Ruang Bayi 1 (NICU),30.6,84.1
2026-06-25T23:19:37.352Z,Ruang Bayi 1 (NICU),30.6,84.2
2026-06-25T23:19:37.352Z,Ruang Bayi 1 (NICU),30.6,84.3
2026-06-25T23:19:37.352Z,Ruang Bayi 1 (NICU),30.6,84.2
2026-06-25T23:19:37.352Z,Ruang Bayi 1 (NICU),30.6,84.4
2026-06-25T23:19:37.352Z,Ruang Bayi 1 (NICU),30.6,84.3
2026-06-25T23:19:37.352Z,Ruang Bayi 1 (NICU),30.6,84.3
2026-06-25T23:19:37.352Z,Ruang Bayi 1 (NICU),30.6,84.6
2026-06-25T23:19:37.352Z,Ruang Bayi 1 (NICU),30.6,84.6
2026-06-25T23:19:37.352Z,Ruang Bayi 1 (NICU),30.6,84.6
2026-06-25T23:19:37.352Z,Ruang Bayi 1 (NICU),30.6,84.3
2026-06-25T23:19:37.352Z,Ruang Bayi 1 (NICU),30.6,84.3
2026-06-25T23:19:37.352Z,Ruang Bayi 1 (NICU),30,85.7
2026-06-25T23:19:37.352Z,Ruang Bayi 1 (NICU),30.6,84.2
2026-06-25T23:19:37.352Z,Ruang Bayi 1 (NICU),30.6,84.1
2026-06-25T23:19:37.352Z,Ruang Bayi 1 (NICU),30.6,83.9
2026-06-25T23:19:37.352Z,Ruang Bayi 1 (NICU),30.6,83.9
2026-06-25T23:19:37.352Z,Ruang Bayi 1 (NICU),30.6,84.1
2026-06-25T23:19:37.352Z,Ruang Bayi 1 (NICU),30.6,84.1
2026-06-25T23:19:37.352Z,Ruang Bayi 1 (NICU),30.6,84.1
2026-06-25T23:19:37.352Z,Ruang Bayi 1 (NICU),30.6,84.2
2026-06-25T23:19:37.352Z,Ruang Bayi 1 (NICU),30.6,84.2
2026-06-25T23:19:37.352Z,Ruang Bayi 1 (NICU),30.7,84.2
2026-06-25T23:19:37.352Z,Ruang Bayi 1 (NICU),30.6,84.2
2026-06-25T23:19:37.352Z,Ruang Bayi 1 (NICU),30.6,84.3
2026-06-25T23:19:37.352Z,Ruang Bayi 1 (NICU),30.6,84.1
2026-06-25T23:19:37.352Z,Ruang Bayi 1 (NICU),30.6,84.1
2026-06-25T23:19:37.352Z,Ruang Bayi 1 (NICU),30.2,86.5
2026-06-25T23:19:37.352Z,Ruang Bayi 1 (NICU),30.2,86.4
2026-06-25T23:19:37.352Z,Ruang Bayi 1 (NICU),30.2,86.3
2026-06-25T23:19:37.352Z,Ruang Bayi 1 (NICU),29.6,86.3
2026-06-25T23:19:37.352Z,Ruang Bayi 1 (NICU),30.2,86
2026-06-25T23:19:37.352Z,Ruang Bayi 1 (NICU),30.2,86
2026-06-25T23:19:37.352Z,Ruang Bayi 1 (NICU),30.2,86.2
2026-06-25T23:19:37.352Z,Ruang Bayi 1 (NICU),30.2,86
2026-06-25T23:19:37.352Z,Ruang Bayi 1 (NICU),30.1,86
2026-06-25T23:19:37.352Z,Ruang Bayi 1 (NICU),30.2,85.9
2026-06-25T23:19:37.352Z,Ruang Bayi 1 (NICU),30.2,85.9
2026-06-25T23:19:37.352Z,Ruang Bayi 1 (NICU),30.2,86.1
2026-06-25T23:19:37.352Z,Ruang Bayi 1 (NICU),30.2,86.5
2026-06-25T23:19:37.352Z,Ruang Bayi 1 (NICU),30.1,86.6
2026-06-25T23:19:37.352Z,Ruang Bayi 1 (NICU),30.1,86.2
2026-06-25T23:19:37.352Z,Ruang Bayi 1 (NICU),30.1,86.1
2026-06-25T23:19:37.352Z,Ruang Bayi 1 (NICU),30.2,86.1
2026-06-25T23:19:37.352Z,Ruang Bayi 1 (NICU),30.1,86.5
2026-06-25T23:19:37.352Z,Ruang Bayi 1 (NICU),30.1,86.3
2026-06-25T23:19:37.352Z,Ruang Bayi 1 (NICU),30.1,86.1
2026-06-25T23:19:37.352Z,Ruang Bayi 1 (NICU),30.2,85.6
2026-06-25T23:19:37.352Z,Ruang Bayi 1 (NICU),30.1,85.6
2026-06-25T23:19:37.352Z,Ruang Bayi 1 (NICU),29.7,85.7
2026-06-25T23:19:37.352Z,Ruang Bayi 1 (NICU),30.1,85.8
2026-06-25T23:19:37.352Z,Ruang Bayi 1 (NICU),30.1,85.9
2026-06-25T23:19:37.352Z,Ruang Bayi 1 (NICU),30.1,85.9
2026-06-25T23:19:37.352Z,Ruang Bayi 1 (NICU),30.2,86.1
2026-06-25T23:19:37.352Z,Ruang Bayi 1 (NICU),30.1,86.5
2026-06-25T23:19:37.352Z,Ruang Bayi 1 (NICU),30.1,87.1
2026-06-25T23:19:37.352Z,Ruang Bayi 1 (NICU),30.1,86.1
2026-06-25T23:19:37.352Z,Ruang Bayi 1 (NICU),30.1,85.8
2026-06-25T23:19:37.352Z,Ruang Bayi 1 (NICU),33.8,100
2026-06-25T23:19:37.352Z,Ruang Bayi 1 (NICU),32.6,100
2026-06-25T23:19:37.352Z,Ruang Bayi 1 (NICU),32.8,100
2026-06-25T23:19:37.352Z,Ruang Bayi 1 (NICU),33.1,100
2026-06-25T23:19:37.352Z,Ruang Bayi 1 (NICU),33.4,100
2026-06-25T23:19:37.352Z,Ruang Bayi 1 (NICU),33.8,100
2026-06-25T23:19:37.352Z,Ruang Bayi 1 (NICU),34.2,100
2026-06-25T23:19:37.353Z,Ruang Bayi 1 (NICU),34.7,100
2026-06-25T23:19:37.353Z,Ruang Bayi 1 (NICU),35.1,100
2026-06-25T23:19:37.353Z,Ruang Bayi 1 (NICU),35.5,100
2026-06-25T23:19:37.353Z,Ruang Bayi 1 (NICU),35.3,100
2026-06-25T23:19:37.353Z,Ruang Bayi 1 (NICU),35.2,100
2026-06-25T23:19:37.353Z,Ruang Bayi 1 (NICU),35,100
2026-06-25T23:19:37.353Z,Ruang Bayi 1 (NICU),34.9,100
2026-06-25T23:19:37.353Z,Ruang Bayi 1 (NICU),34.6,100
2026-06-25T23:19:37.353Z,Ruang Bayi 1 (NICU),34.1,100
2026-06-25T23:19:37.353Z,Ruang Bayi 1 (NICU),30.1,85.6
2026-06-25T23:19:37.353Z,Ruang Bayi 1 (NICU),33.3,100
2026-06-25T23:19:37.353Z,Ruang Bayi 1 (NICU),32.7,100
2026-06-25T23:19:37.353Z,Ruang Bayi 1 (NICU),31.8,100
2026-06-25T23:19:37.353Z,Ruang Bayi 1 (NICU),30.7,89.8
2026-06-25T23:19:37.353Z,Ruang Bayi 1 (NICU),30.4,89.8
2026-06-25T23:19:37.353Z,Ruang Bayi 1 (NICU),30.2,86.1
2026-06-25T23:19:37.353Z,Ruang Bayi 1 (NICU),30.2,85.4
2026-06-25T23:19:37.353Z,Ruang Bayi 1 (NICU),30.2,85.4
2026-06-25T23:19:37.353Z,Ruang Bayi 1 (NICU),30.2,85.6
2026-06-25T23:19:37.353Z,Ruang Bayi 1 (NICU),30.2,85.6
2026-06-25T23:19:37.353Z,Ruang Bayi 1 (NICU),30.2,85.5
2026-06-25T23:19:37.353Z,Ruang Bayi 1 (NICU),30.2,85.7
2026-06-25T23:19:37.353Z,Ruang Bayi 1 (NICU),29.8,85.8
2026-06-25T23:19:37.353Z,Ruang Bayi 1 (NICU),30.2,85.9
2026-06-25T23:19:37.353Z,Ruang Bayi 1 (NICU),30.3,86.1
2026-06-25T23:19:37.353Z,Ruang Bayi 1 (NICU),30.3,85.9
2026-06-25T23:19:37.353Z,Ruang Bayi 1 (NICU),30.3,86
2026-06-25T23:19:37.353Z,Ruang Bayi 1 (NICU),30.3,85.9
2026-06-25T23:19:37.353Z,Ruang Bayi 1 (NICU),30.3,86
2026-06-25T23:19:37.353Z,Ruang Bayi 1 (NICU),30.1,86.2
2026-06-25T23:19:37.353Z,Ruang Bayi 1 (NICU),30.3,86
2026-06-25T23:19:37.353Z,Ruang Bayi 1 (NICU),30.3,85.9
2026-06-25T23:19:37.353Z,Ruang Bayi 1 (NICU),30.3,85.9
2026-06-25T23:19:37.353Z,Ruang Bayi 1 (NICU),30.3,85.8
2026-06-25T23:19:37.353Z,Ruang Bayi 1 (NICU),30.3,85.7
2026-06-25T23:19:37.353Z,Ruang Bayi 1 (NICU),30.3,86
2026-06-25T23:19:37.353Z,Ruang Bayi 1 (NICU),30.3,86.1
2026-06-25T23:19:37.353Z,Ruang Bayi 1 (NICU),30.3,86.1
2026-06-25T23:19:37.353Z,Ruang Bayi 1 (NICU),30.3,86.1
2026-06-25T23:19:37.353Z,Ruang Bayi 1 (NICU),30.3,86
2026-06-25T23:19:37.353Z,Ruang Bayi 1 (NICU),30.3,85.8
2026-06-25T23:19:37.353Z,Ruang Bayi 1 (NICU),30.2,86.2
2026-06-25T23:19:37.353Z,Ruang Bayi 1 (NICU),30.3,86.1
2026-06-25T23:19:37.353Z,Ruang Bayi 1 (NICU),30.3,85.9
2026-06-25T23:19:37.353Z,Ruang Bayi 1 (NICU),30,85.7
2026-06-25T23:19:37.353Z,Ruang Bayi 1 (NICU),30.3,85.8
2026-06-25T23:19:37.353Z,Ruang Bayi 1 (NICU),30.3,85.7
2026-06-25T23:19:37.353Z,Ruang Bayi 1 (NICU),30.3,85.8
2026-06-25T23:19:37.353Z,Ruang Bayi 1 (NICU),30.3,85.5
2026-06-25T23:19:37.353Z,Ruang Bayi 1 (NICU),30.3,85.5
2026-06-25T23:19:37.353Z,Ruang Bayi 1 (NICU),30,85.4
2026-06-25T23:19:37.353Z,Ruang Bayi 1 (NICU),30.2,85.6
2026-06-25T23:19:37.353Z,Ruang Bayi 1 (NICU),30.3,85.6
2026-06-25T23:19:37.353Z,Ruang Bayi 1 (NICU),30.2,85.6
2026-06-25T23:19:37.353Z,Ruang Bayi 1 (NICU),29.9,85.6
2026-06-25T23:19:37.353Z,Ruang Bayi 1 (NICU),30.2,85.8
2026-06-25T23:19:37.353Z,Ruang Bayi 1 (NICU),30.2,85.6
2026-06-25T23:19:37.353Z,Ruang Bayi 1 (NICU),30.2,85.5
2026-06-25T23:19:37.353Z,Ruang Bayi 1 (NICU),30.2,85.5
2026-06-25T23:19:37.353Z,Ruang Bayi 1 (NICU),30.2,85.4
2026-06-25T23:19:37.353Z,Ruang Bayi 1 (NICU),30.2,85.6
2026-06-25T23:19:37.353Z,Ruang Bayi 1 (NICU),30.2,85.7
2026-06-25T23:19:37.353Z,Ruang Bayi 1 (NICU),30.2,85.7
2026-06-25T23:19:37.353Z,Ruang Bayi 1 (NICU),30.2,85.8
2026-06-25T23:19:37.353Z,Ruang Bayi 1 (NICU),30.2,85.8
2026-06-25T23:19:37.353Z,Ruang Bayi 1 (NICU),30.2,85.7
2026-06-25T23:19:37.353Z,Ruang Bayi 1 (NICU),30.2,85.7
2026-06-25T23:19:37.353Z,Ruang Bayi 1 (NICU),30.2,85.8
2026-06-25T23:19:37.353Z,Ruang Bayi 1 (NICU),30.2,85.8
2026-06-25T23:19:37.353Z,Ruang Bayi 1 (NICU),30.2,85.8
2026-06-25T23:19:37.353Z,Ruang Bayi 1 (NICU),30.3,86.9
2026-06-25T23:19:37.353Z,Ruang Bayi 1 (NICU),30.2,85.8
2026-06-25T23:19:37.353Z,Ruang Bayi 1 (NICU),30.2,85.7
2026-06-25T23:19:37.353Z,Ruang Bayi 1 (NICU),30.2,85.8
2026-06-25T23:19:37.353Z,Ruang Bayi 1 (NICU),30.2,85.6
2026-06-25T23:19:37.353Z,Ruang Bayi 1 (NICU),30.2,85.7
2026-06-25T23:19:37.353Z,Ruang Bayi 1 (NICU),30.3,85.6
2026-06-25T23:19:37.353Z,Ruang Bayi 1 (NICU),30.3,85.6
2026-06-25T23:19:37.353Z,Ruang Bayi 1 (NICU),30.3,85.9
2026-06-25T23:19:37.353Z,Ruang Bayi 1 (NICU),30.3,85.8
2026-06-25T23:19:37.353Z,Ruang Bayi 1 (NICU),30.3,85.8
2026-06-25T23:19:37.353Z,Ruang Bayi 1 (NICU),30.3,85.8
2026-06-25T23:19:37.353Z,Ruang Bayi 1 (NICU),30.1,85.9
2026-06-25T23:19:37.353Z,Ruang Bayi 1 (NICU),30.3,85.8
2026-06-25T23:19:37.353Z,Ruang Bayi 1 (NICU),30.3,85.8
2026-06-25T23:19:37.353Z,Ruang Bayi 1 (NICU),35.1,100
2026-06-25T23:19:37.353Z,Ruang Bayi 1 (NICU),33.2,83.4
2026-06-25T23:19:37.353Z,Ruang Bayi 1 (NICU),33.3,83.6
2026-06-25T23:19:37.353Z,Ruang Bayi 1 (NICU),33.4,83.9
2026-06-25T23:19:37.353Z,Ruang Bayi 1 (NICU),33.5,84.2
2026-06-25T23:19:37.353Z,Ruang Bayi 1 (NICU),33.6,84.4
2026-06-25T23:19:37.353Z,Ruang Bayi 1 (NICU),33.7,83.3
2026-06-25T23:19:37.353Z,Ruang Bayi 1 (NICU),33.8,84
2026-06-25T23:19:37.353Z,Ruang Bayi 1 (NICU),34,85.1
2026-06-25T23:19:37.353Z,Ruang Bayi 1 (NICU),34.1,86.4
2026-06-25T23:19:37.353Z,Ruang Bayi 1 (NICU),34.2,87.4
2026-06-25T23:19:37.353Z,Ruang Bayi 1 (NICU),34.4,89.7
2026-06-25T23:19:37.353Z,Ruang Bayi 1 (NICU),34.5,91.8
2026-06-25T23:19:37.353Z,Ruang Bayi 1 (NICU),34.7,92.7
2026-06-25T23:19:37.353Z,Ruang Bayi 1 (NICU),34.8,95.2
2026-06-25T23:19:37.353Z,Ruang Bayi 1 (NICU),35,99.2
2026-06-25T23:19:37.353Z,Ruang Bayi 1 (NICU),33.1,83.2
2026-06-25T23:19:37.353Z,Ruang Bayi 1 (NICU),35.2,100
2026-06-25T23:19:37.354Z,Ruang Bayi 1 (NICU),35.1,100
2026-06-25T23:19:37.354Z,Ruang Bayi 1 (NICU),35,100
2026-06-25T23:19:37.354Z,Ruang Bayi 1 (NICU),35,100
2026-06-25T23:19:37.354Z,Ruang Bayi 1 (NICU),35,100
2026-06-25T23:19:37.354Z,Ruang Bayi 1 (NICU),35,100
2026-06-25T23:19:37.354Z,Ruang Bayi 1 (NICU),35,100
2026-06-25T23:19:37.354Z,Ruang Bayi 1 (NICU),34.9,100
2026-06-25T23:19:37.354Z,Ruang Bayi 1 (NICU),34.8,100
2026-06-25T23:19:37.354Z,Ruang Bayi 1 (NICU),34.8,100
2026-06-25T23:19:37.354Z,Ruang Bayi 1 (NICU),34.8,100
2026-06-25T23:19:37.354Z,Ruang Bayi 1 (NICU),34.7,100
2026-06-25T23:19:37.354Z,Ruang Bayi 1 (NICU),34.5,100
2026-06-25T23:19:37.354Z,Ruang Bayi 1 (NICU),34.6,100
2026-06-25T23:19:37.354Z,Ruang Bayi 1 (NICU),31.8,82.8
2026-06-25T23:19:37.354Z,Ruang Bayi 1 (NICU),31,84.9
2026-06-25T23:19:37.354Z,Ruang Bayi 1 (NICU),31.1,84.8
2026-06-25T23:19:37.354Z,Ruang Bayi 1 (NICU),31.1,84.6
2026-06-25T23:19:37.354Z,Ruang Bayi 1 (NICU),31.1,84.8
2026-06-25T23:19:37.354Z,Ruang Bayi 1 (NICU),31.2,84.7
2026-06-25T23:19:37.354Z,Ruang Bayi 1 (NICU),31.2,84.5
2026-06-25T23:19:37.354Z,Ruang Bayi 1 (NICU),31.3,84.3
2026-06-25T23:19:37.354Z,Ruang Bayi 1 (NICU),31.3,84.2
2026-06-25T23:19:37.354Z,Ruang Bayi 1 (NICU),31.4,84.1
2026-06-25T23:19:37.354Z,Ruang Bayi 1 (NICU),31.4,84
2026-06-25T23:19:37.354Z,Ruang Bayi 1 (NICU),31.5,83.9
2026-06-25T23:19:37.354Z,Ruang Bayi 1 (NICU),31.5,83.7
2026-06-25T23:19:37.354Z,Ruang Bayi 1 (NICU),31.6,83.1
2026-06-25T23:19:37.354Z,Ruang Bayi 1 (NICU),31.6,83
2026-06-25T23:19:37.354Z,Ruang Bayi 1 (NICU),31.7,82.9
2026-06-25T23:19:37.354Z,Ruang Bayi 1 (NICU),34.5,100
2026-06-25T23:19:37.354Z,Ruang Bayi 1 (NICU),31.8,82.7
2026-06-25T23:19:37.366Z,Ruang Bayi 1 (NICU),31.9,82.7
2026-06-25T23:19:37.366Z,Ruang Bayi 1 (NICU),32,82.7
2026-06-25T23:19:37.366Z,Ruang Bayi 1 (NICU),32.1,82.4
2026-06-25T23:19:37.366Z,Ruang Bayi 1 (NICU),32.1,82.2
2026-06-25T23:19:37.366Z,Ruang Bayi 1 (NICU),32.2,82.4
2026-06-25T23:19:37.366Z,Ruang Bayi 1 (NICU),32.3,82.5
2026-06-25T23:19:37.366Z,Ruang Bayi 1 (NICU),32.4,82.2
2026-06-25T23:19:37.366Z,Ruang Bayi 1 (NICU),32.5,81.9
2026-06-25T23:19:37.366Z,Ruang Bayi 1 (NICU),32.6,82
2026-06-25T23:19:37.366Z,Ruang Bayi 1 (NICU),32.7,82.6
2026-06-25T23:19:37.366Z,Ruang Bayi 1 (NICU),32.7,82.6
2026-06-25T23:19:37.366Z,Ruang Bayi 1 (NICU),32.8,82.5
2026-06-25T23:19:37.366Z,Ruang Bayi 1 (NICU),32.9,82.6
2026-06-25T23:19:37.366Z,Ruang Bayi 1 (NICU),32.1,78.6
2026-06-25T23:19:37.366Z,Ruang Bayi 1 (NICU),31.4,80.1
2026-06-25T23:19:37.366Z,Ruang Bayi 1 (NICU),31.4,80
2026-06-25T23:19:37.366Z,Ruang Bayi 1 (NICU),31.5,80
2026-06-25T23:19:37.366Z,Ruang Bayi 1 (NICU),31.5,79.8
2026-06-25T23:19:37.366Z,Ruang Bayi 1 (NICU),31.6,79.8
2026-06-25T23:19:37.366Z,Ruang Bayi 1 (NICU),31.6,79.7
2026-06-25T23:19:37.366Z,Ruang Bayi 1 (NICU),31.6,79.6
2026-06-25T23:19:37.366Z,Ruang Bayi 1 (NICU),31.7,79.6
2026-06-25T23:19:37.366Z,Ruang Bayi 1 (NICU),31.8,79.6
2026-06-25T23:19:37.366Z,Ruang Bayi 1 (NICU),31.8,79.5
2026-06-25T23:19:37.366Z,Ruang Bayi 1 (NICU),31.9,79.4
2026-06-25T23:19:37.366Z,Ruang Bayi 1 (NICU),31.9,79.3
2026-06-25T23:19:37.366Z,Ruang Bayi 1 (NICU),31.9,79.1
2026-06-25T23:19:37.366Z,Ruang Bayi 1 (NICU),32,78.9
2026-06-25T23:19:37.366Z,Ruang Bayi 1 (NICU),32.1,78.8
2026-06-25T23:19:37.366Z,Ruang Bayi 1 (NICU),31.3,80.5
2026-06-25T23:19:37.366Z,Ruang Bayi 1 (NICU),32.2,78.5
2026-06-25T23:19:37.366Z,Ruang Bayi 1 (NICU),32.2,78.5
2026-06-25T23:19:37.366Z,Ruang Bayi 1 (NICU),32.3,78.3
2026-06-25T23:19:37.366Z,Ruang Bayi 1 (NICU),32.4,78.2
2026-06-25T23:19:37.366Z,Ruang Bayi 1 (NICU),32.4,78.1
2026-06-25T23:19:37.366Z,Ruang Bayi 1 (NICU),32.5,77.9
2026-06-25T23:19:37.366Z,Ruang Bayi 1 (NICU),32.6,77.6
2026-06-25T23:19:37.366Z,Ruang Bayi 1 (NICU),32.7,77.4
2026-06-25T23:19:37.366Z,Ruang Bayi 1 (NICU),32.7,77.7
2026-06-25T23:19:37.366Z,Ruang Bayi 1 (NICU),32.8,76.9
2026-06-25T23:19:37.366Z,Ruang Bayi 1 (NICU),32.9,76.8
2026-06-25T23:19:37.366Z,Ruang Bayi 1 (NICU),33,76.5
2026-06-25T23:19:37.366Z,Ruang Bayi 1 (NICU),33.1,76.3
2026-06-25T23:19:37.367Z,Ruang Bayi 1 (NICU),33.2,76
2026-06-25T23:19:37.367Z,Ruang Bayi 1 (NICU),30.6,82.8
2026-06-25T23:19:37.367Z,Ruang Bayi 1 (NICU),34.4,100
2026-06-25T23:19:37.367Z,Ruang Bayi 1 (NICU),34.3,100
2026-06-25T23:19:37.367Z,Ruang Bayi 1 (NICU),34.2,100
2026-06-25T23:19:37.367Z,Ruang Bayi 1 (NICU),34.1,100
2026-06-25T23:19:37.367Z,Ruang Bayi 1 (NICU),34,100
2026-06-25T23:19:37.367Z,Ruang Bayi 1 (NICU),33.7,100
2026-06-25T23:19:37.367Z,Ruang Bayi 1 (NICU),33.5,100
2026-06-25T23:19:37.367Z,Ruang Bayi 1 (NICU),33.1,100
2026-06-25T23:19:37.367Z,Ruang Bayi 1 (NICU),32.6,100
2026-06-25T23:19:37.367Z,Ruang Bayi 1 (NICU),31.6,100
2026-06-25T23:19:37.367Z,Ruang Bayi 1 (NICU),30.7,99.4
2026-06-25T23:19:37.367Z,Ruang Bayi 1 (NICU),30.6,86.7
2026-06-25T23:19:37.367Z,Ruang Bayi 1 (NICU),30.6,82.9
2026-06-25T23:19:37.367Z,Ruang Bayi 1 (NICU),30.6,82.9
2026-06-25T23:19:37.367Z,Ruang Bayi 1 (NICU),31,84.9
2026-06-25T23:19:37.367Z,Ruang Bayi 1 (NICU),30.6,82.7
2026-06-25T23:19:37.367Z,Ruang Bayi 1 (NICU),30.6,82.7
2026-06-25T23:19:37.367Z,Ruang Bayi 1 (NICU),30.6,82.7
2026-06-25T23:19:37.367Z,Ruang Bayi 1 (NICU),30.6,82.6
2026-06-25T23:19:37.367Z,Ruang Bayi 1 (NICU),30.9,81.3
2026-06-25T23:19:37.367Z,Ruang Bayi 1 (NICU),31,81.2
2026-06-25T23:19:37.367Z,Ruang Bayi 1 (NICU),31,81
2026-06-25T23:19:37.367Z,Ruang Bayi 1 (NICU),31,80.9
2026-06-25T23:19:37.367Z,Ruang Bayi 1 (NICU),31.1,80.8
2026-06-25T23:19:37.367Z,Ruang Bayi 1 (NICU),31.1,80.6
2026-06-25T23:19:37.367Z,Ruang Bayi 1 (NICU),31.1,80.5
2026-06-25T23:19:37.367Z,Ruang Bayi 1 (NICU),31.2,80.4
2026-06-25T23:19:37.367Z,Ruang Bayi 1 (NICU),31.2,80.3
2026-06-25T23:19:37.367Z,Ruang Bayi 1 (NICU),31.3,80.2
2026-06-25T23:19:37.367Z,Ruang Bayi 1 (NICU),29.8,86.5
2026-06-25T23:19:37.367Z,Ruang Bayi 1 (NICU),33.5,100
2026-06-25T23:19:37.367Z,Ruang Bayi 1 (NICU),34,100
2026-06-25T23:19:37.367Z,Ruang Bayi 1 (NICU),31.2,100
2026-06-25T23:19:37.367Z,Ruang Bayi 1 (NICU),34.6,100
2026-06-25T23:19:37.367Z,Ruang Bayi 1 (NICU),34.8,100
2026-06-25T23:19:37.367Z,Ruang Bayi 1 (NICU),35.1,100
2026-06-25T23:19:37.367Z,Ruang Bayi 1 (NICU),35.2,100
2026-06-25T23:19:37.367Z,Ruang Bayi 1 (NICU),35.1,100
2026-06-25T23:19:37.367Z,Ruang Bayi 1 (NICU),35,100
2026-06-25T23:19:37.367Z,Ruang Bayi 1 (NICU),34.3,100
2026-06-25T23:19:37.367Z,Ruang Bayi 1 (NICU),30.1,81.8
2026-06-25T23:19:37.367Z,Ruang Bayi 1 (NICU),30.3,81.8
2026-06-25T23:19:37.367Z,Ruang Bayi 1 (NICU),30.3,83.9
2026-06-25T23:19:37.367Z,Ruang Bayi 1 (NICU),30.2,84.1
2026-06-25T23:19:37.367Z,Ruang Bayi 1 (NICU),30.3,84.2
2026-06-25T23:19:37.367Z,Ruang Bayi 1 (NICU),33.1,100
2026-06-25T23:19:37.367Z,Ruang Bayi 1 (NICU),29.8,86.8
2026-06-25T23:19:37.367Z,Ruang Bayi 1 (NICU),29.8,86.8
2026-06-25T23:19:37.367Z,Ruang Bayi 1 (NICU),29.8,86.7
2026-06-25T23:19:37.367Z,Ruang Bayi 1 (NICU),29.8,86.8
2026-06-25T23:19:37.367Z,Ruang Bayi 1 (NICU),29.8,86.9
2026-06-25T23:19:37.367Z,Ruang Bayi 1 (NICU),29.8,86.4
2026-06-25T23:19:37.367Z,Ruang Bayi 1 (NICU),29.8,86.4
2026-06-25T23:19:37.367Z,Ruang Bayi 1 (NICU),29.8,86.6
2026-06-25T23:19:37.367Z,Ruang Bayi 1 (NICU),29.8,86.7
2026-06-25T23:19:37.367Z,Ruang Bayi 1 (NICU),29.8,86.4
2026-06-25T23:19:37.367Z,Ruang Bayi 1 (NICU),29.8,86.3
2026-06-25T23:19:37.367Z,Ruang Bayi 1 (NICU),29.8,86.2
2026-06-25T23:19:37.367Z,Ruang Bayi 1 (NICU),29.8,86.5
2026-06-25T23:19:37.367Z,Ruang Bayi 1 (NICU),29.8,86.4
2026-06-25T23:19:37.367Z,Ruang Bayi 1 (NICU),34.5,100
2026-06-25T23:19:37.367Z,Ruang Bayi 1 (NICU),30.6,86.3
2026-06-25T23:19:37.367Z,Ruang Bayi 1 (NICU),30.7,80.6
2026-06-25T23:19:37.367Z,Ruang Bayi 1 (NICU),30.7,80.7
2026-06-25T23:19:37.367Z,Ruang Bayi 1 (NICU),30.7,80.9
2026-06-25T23:19:37.367Z,Ruang Bayi 1 (NICU),30.5,82.3
2026-06-25T23:19:37.367Z,Ruang Bayi 1 (NICU),30.5,82.4
2026-06-25T23:19:37.367Z,Ruang Bayi 1 (NICU),30.5,82.3
2026-06-25T23:19:37.367Z,Ruang Bayi 1 (NICU),34.7,100
2026-06-25T23:19:37.367Z,Ruang Bayi 1 (NICU),35,100
2026-06-25T23:19:37.367Z,Ruang Bayi 1 (NICU),35.1,100
2026-06-25T23:19:37.367Z,Ruang Bayi 1 (NICU),35.1,100
2026-06-25T23:19:37.367Z,Ruang Bayi 1 (NICU),35,100
2026-06-25T23:19:37.367Z,Ruang Bayi 1 (NICU),35,100
2026-06-25T23:19:37.367Z,Ruang Bayi 1 (NICU),34.8,100
2026-06-25T23:19:37.367Z,Ruang Bayi 1 (NICU),34.7,100
2026-06-25T23:19:37.367Z,Ruang Bayi 1 (NICU),29.8,86.8
2026-06-25T23:19:37.367Z,Ruang Bayi 1 (NICU),34.3,100
2026-06-25T23:19:37.367Z,Ruang Bayi 1 (NICU),34.1,100
2026-06-25T23:19:37.367Z,Ruang Bayi 1 (NICU),33.7,100
2026-06-25T23:19:37.367Z,Ruang Bayi 1 (NICU),32.9,100
2026-06-25T23:19:37.367Z,Ruang Bayi 1 (NICU),31.5,100
2026-06-25T23:19:37.367Z,Ruang Bayi 1 (NICU),30,100
2026-06-25T23:19:37.367Z,Ruang Bayi 1 (NICU),29.9,100
2026-06-25T23:19:37.367Z,Ruang Bayi 1 (NICU),29.2,84.1
2026-06-25T23:19:37.367Z,Ruang Bayi 1 (NICU),29.2,84
2026-06-25T23:19:37.367Z,Ruang Bayi 1 (NICU),29.2,84.1
2026-06-25T23:19:37.367Z,Ruang Bayi 1 (NICU),29.8,83.5
2026-06-25T23:19:37.367Z,Ruang Bayi 1 (NICU),32,100
2026-06-25T23:19:37.367Z,Ruang Bayi 1 (NICU),32.5,100
2026-06-25T23:19:37.367Z,Ruang Bayi 1 (NICU),32.2,100
2026-06-25T23:19:37.368Z,Ruang Bayi 1 (NICU),30.3,86.7
2026-06-25T23:19:37.368Z,Ruang Bayi 1 (NICU),30.1,86.2
2026-06-25T23:19:37.368Z,Ruang Bayi 1 (NICU),30.1,86.2
2026-06-25T23:19:37.368Z,Ruang Bayi 1 (NICU),30.1,86.6
2026-06-25T23:19:37.368Z,Ruang Bayi 1 (NICU),30.1,86.8
2026-06-25T23:19:37.368Z,Ruang Bayi 1 (NICU),30.1,86.7
2026-06-25T23:19:37.368Z,Ruang Bayi 1 (NICU),30.1,86.6
2026-06-25T23:19:37.368Z,Ruang Bayi 1 (NICU),30.1,86.8
2026-06-25T23:19:37.368Z,Ruang Bayi 1 (NICU),30.2,86.3
2026-06-25T23:19:37.368Z,Ruang Bayi 1 (NICU),30.1,86.4
2026-06-25T23:19:37.368Z,Ruang Bayi 1 (NICU),30.2,86.3
2026-06-25T23:19:37.368Z,Ruang Bayi 1 (NICU),30.2,86.4
2026-06-25T23:19:37.368Z,Ruang Bayi 1 (NICU),30.2,86
2026-06-25T23:19:37.370Z,Ruang Bayi 1 (NICU),30.2,86.4
2026-06-25T23:19:37.370Z,Ruang Bayi 1 (NICU),30.2,86.5
2026-06-25T23:19:37.370Z,Ruang Bayi 1 (NICU),30.2,86.2
2026-06-25T23:19:37.370Z,Ruang Bayi 1 (NICU),30.1,86.2
2026-06-25T23:19:37.370Z,Ruang Bayi 1 (NICU),30.3,86.5
2026-06-25T23:19:37.370Z,Ruang Bayi 1 (NICU),30.3,86.2
2026-06-25T23:19:37.370Z,Ruang Bayi 1 (NICU),30.3,86.3
2026-06-25T23:19:37.370Z,Ruang Bayi 1 (NICU),30.3,86.3
2026-06-25T23:19:37.370Z,Ruang Bayi 1 (NICU),30.3,86.1
2026-06-25T23:19:37.370Z,Ruang Bayi 1 (NICU),30.4,86
2026-06-25T23:19:37.370Z,Ruang Bayi 1 (NICU),30.4,85.7
2026-06-25T23:19:37.370Z,Ruang Bayi 1 (NICU),30.4,85.9
2026-06-25T23:19:37.370Z,Ruang Bayi 1 (NICU),30.8,85.2
2026-06-25T23:19:37.370Z,Ruang Bayi 1 (NICU),30.9,85.1
2026-06-25T23:19:37.370Z,Ruang Bayi 1 (NICU),30.9,84.9
2026-06-25T23:19:37.370Z,Ruang Bayi 1 (NICU),30.8,84.9
2026-06-25T23:19:37.370Z,Ruang Bayi 1 (NICU),30.9,85
2026-06-25T23:19:37.370Z,Ruang Bayi 1 (NICU),31,85
2026-06-25T23:19:37.370Z,Ruang Bayi 1 (NICU),29.9,85.7
2026-06-25T23:19:37.370Z,Ruang Bayi 1 (NICU),29.8,86.7
2026-06-25T23:19:37.370Z,Ruang Bayi 1 (NICU),29.8,86.5
2026-06-25T23:19:37.370Z,Ruang Bayi 1 (NICU),29.8,86.7
2026-06-25T23:19:37.370Z,Ruang Bayi 1 (NICU),29.8,86.3
2026-06-25T23:19:37.370Z,Ruang Bayi 1 (NICU),29.8,86.4
2026-06-25T23:19:37.370Z,Ruang Bayi 1 (NICU),29.8,86.2
2026-06-25T23:19:37.370Z,Ruang Bayi 1 (NICU),29.8,86.2
2026-06-25T23:19:37.370Z,Ruang Bayi 1 (NICU),29.8,86.4
2026-06-25T23:19:37.370Z,Ruang Bayi 1 (NICU),29.8,86.8
2026-06-25T23:19:37.370Z,Ruang Bayi 1 (NICU),29.8,86.8
2026-06-25T23:19:37.370Z,Ruang Bayi 1 (NICU),29.8,86.4
2026-06-25T23:19:37.370Z,Ruang Bayi 1 (NICU),29.8,86
2026-06-25T23:19:37.370Z,Ruang Bayi 1 (NICU),29.8,85.8
2026-06-25T23:19:37.370Z,Ruang Bayi 1 (NICU),29.8,85.5
2026-06-25T23:19:37.370Z,Ruang Bayi 1 (NICU),33.2,76.1
2026-06-25T23:19:37.370Z,Ruang Bayi 1 (NICU),29.9,85.7
2026-06-25T23:19:37.370Z,Ruang Bayi 1 (NICU),29.9,85.7
2026-06-25T23:19:37.370Z,Ruang Bayi 1 (NICU),29.9,85.8
2026-06-25T23:19:37.370Z,Ruang Bayi 1 (NICU),29.9,85.7
2026-06-25T23:19:37.370Z,Ruang Bayi 1 (NICU),30,85.9
2026-06-25T23:19:37.370Z,Ruang Bayi 1 (NICU),29.9,85.8
2026-06-25T23:19:37.370Z,Ruang Bayi 1 (NICU),30,85.9
2026-06-25T23:19:37.370Z,Ruang Bayi 1 (NICU),30,85.8
2026-06-25T23:19:37.370Z,Ruang Bayi 1 (NICU),30,85.9
2026-06-25T23:19:37.370Z,Ruang Bayi 1 (NICU),30,86.1
2026-06-25T23:19:37.370Z,Ruang Bayi 1 (NICU),30,86.1
2026-06-25T23:19:37.370Z,Ruang Bayi 1 (NICU),30,86.1
2026-06-25T23:19:37.370Z,Ruang Bayi 1 (NICU),30.1,86
2026-06-25T23:19:37.370Z,Ruang Bayi 1 (NICU),30.1,86.1
2026-06-25T23:19:37.370Z,Ruang Bayi 1 (NICU),29.7,88.1
2026-06-25T23:19:37.370Z,Ruang Bayi 1 (NICU),29.7,88.4
2026-06-25T23:19:37.370Z,Ruang Bayi 1 (NICU),29.7,88.2
2026-06-25T23:19:37.370Z,Ruang Bayi 1 (NICU),29.7,88
2026-06-25T23:19:37.370Z,Ruang Bayi 1 (NICU),29.7,88.5
2026-06-25T23:19:37.370Z,Ruang Bayi 1 (NICU),29.7,88.2
2026-06-25T23:19:37.370Z,Ruang Bayi 1 (NICU),29.6,88.1
2026-06-25T23:19:37.370Z,Ruang Bayi 1 (NICU),29.7,88.1
2026-06-25T23:19:37.370Z,Ruang Bayi 1 (NICU),29.7,87.7
2026-06-25T23:19:37.370Z,Ruang Bayi 1 (NICU),29.7,87.4
2026-06-25T23:19:37.370Z,Ruang Bayi 1 (NICU),29.7,87.6
2026-06-25T23:19:37.370Z,Ruang Bayi 1 (NICU),29.7,88.1
2026-06-25T23:19:37.370Z,Ruang Bayi 1 (NICU),29.7,88.2
2026-06-25T23:19:37.370Z,Ruang Bayi 1 (NICU),29.7,87.9
2026-06-25T23:19:37.370Z,Ruang Bayi 1 (NICU),29.7,87.8
2026-06-25T23:19:37.370Z,Ruang Bayi 1 (NICU),29.7,87.9
2026-06-25T23:19:37.370Z,Ruang Bayi 1 (NICU),29.7,88.1
2026-06-25T23:19:37.370Z,Ruang Bayi 1 (NICU),29.7,88.1
2026-06-25T23:19:37.370Z,Ruang Bayi 1 (NICU),29.7,88.1
2026-06-25T23:19:37.370Z,Ruang Bayi 1 (NICU),29.6,88
2026-06-25T23:19:37.370Z,Ruang Bayi 1 (NICU),29.6,88
2026-06-25T23:19:37.370Z,Ruang Bayi 1 (NICU),29.6,88.1
2026-06-25T23:19:37.370Z,Ruang Bayi 1 (NICU),29.6,88.1
2026-06-25T23:19:37.370Z,Ruang Bayi 1 (NICU),29.6,88.1
2026-06-25T23:19:37.370Z,Ruang Bayi 1 (NICU),29.6,88
2026-06-25T23:19:37.370Z,Ruang Bayi 1 (NICU),29.6,88
2026-06-25T23:19:37.370Z,Ruang Bayi 1 (NICU),29.6,87.9
2026-06-25T23:19:37.371Z,Ruang Bayi 1 (NICU),29.6,87.9
2026-06-25T23:19:37.371Z,Ruang Bayi 1 (NICU),29.6,87.9
2026-06-25T23:19:37.371Z,Ruang Bayi 1 (NICU),29.6,88
2026-06-25T23:19:37.371Z,Ruang Bayi 1 (NICU),29.6,88.1
2026-06-25T23:19:37.371Z,Ruang Bayi 1 (NICU),29.6,87.9
2026-06-25T23:19:37.371Z,Ruang Bayi 1 (NICU),29.6,87.5
2026-06-25T23:19:37.371Z,Ruang Bayi 1 (NICU),29.6,87.5
2026-06-25T23:19:37.371Z,Ruang Bayi 1 (NICU),29.6,87.5
2026-06-25T23:19:37.371Z,Ruang Bayi 1 (NICU),29.6,87.4
2026-06-25T23:19:37.371Z,Ruang Bayi 1 (NICU),29.6,87.9
2026-06-25T23:19:37.371Z,Ruang Bayi 1 (NICU),29.6,88
2026-06-25T23:19:37.371Z,Ruang Bayi 1 (NICU),29.6,87.6
2026-06-25T23:19:37.371Z,Ruang Bayi 1 (NICU),29.6,87.8
2026-06-25T23:19:37.371Z,Ruang Bayi 1 (NICU),29.6,88
2026-06-25T23:19:37.371Z,Ruang Bayi 1 (NICU),29.6,87.6
2026-06-25T23:19:37.371Z,Ruang Bayi 1 (NICU),29.6,87.7
2026-06-25T23:19:37.371Z,Ruang Bayi 1 (NICU),29.6,87.8
2026-06-25T23:19:37.371Z,Ruang Bayi 1 (NICU),29.6,87.8
2026-06-25T23:19:37.371Z,Ruang Bayi 1 (NICU),29.6,88
2026-06-25T23:19:37.371Z,Ruang Bayi 1 (NICU),29.6,88
2026-06-25T23:19:37.371Z,Ruang Bayi 1 (NICU),29.6,88.1
2026-06-25T23:19:37.371Z,Ruang Bayi 1 (NICU),29.6,88
2026-06-25T23:19:37.371Z,Ruang Bayi 1 (NICU),29.6,88.1
2026-06-25T23:19:37.371Z,Ruang Bayi 1 (NICU),29.6,88.2
2026-06-25T23:19:37.371Z,Ruang Bayi 1 (NICU),29.6,88.4
2026-06-25T23:19:37.371Z,Ruang Bayi 1 (NICU),29.6,88.3
2026-06-25T23:19:37.371Z,Ruang Bayi 1 (NICU),29.6,88.7
2026-06-25T23:19:37.371Z,Ruang Bayi 1 (NICU),29.6,88.6
2026-06-25T23:19:37.371Z,Ruang Bayi 1 (NICU),29.6,88.5
2026-06-25T23:19:37.371Z,Ruang Bayi 1 (NICU),29.6,88.4
2026-06-25T23:19:37.371Z,Ruang Bayi 1 (NICU),29.6,87.7
2026-06-25T23:19:37.371Z,Ruang Bayi 1 (NICU),29.6,87.6
2026-06-25T23:19:37.371Z,Ruang Bayi 1 (NICU),29.4,88.3
2026-06-25T23:19:37.371Z,Ruang Bayi 1 (NICU),29.7,88
2026-06-25T23:19:37.371Z,Ruang Bayi 1 (NICU),29.7,88
2026-06-25T23:19:37.371Z,Ruang Bayi 1 (NICU),30,87.2
2026-06-25T23:19:37.371Z,Ruang Bayi 1 (NICU),29.8,87.4
2026-06-25T23:19:37.371Z,Ruang Bayi 1 (NICU),29.8,87.5
2026-06-25T23:19:37.371Z,Ruang Bayi 1 (NICU),29.8,87.5
2026-06-25T23:19:37.371Z,Ruang Bayi 1 (NICU),29.8,87.5
2026-06-25T23:19:37.371Z,Ruang Bayi 1 (NICU),29.8,87.5
2026-06-25T23:19:37.371Z,Ruang Bayi 1 (NICU),29.8,87.5
2026-06-25T23:19:37.371Z,Ruang Bayi 1 (NICU),29.8,87.5
2026-06-25T23:19:37.371Z,Ruang Bayi 1 (NICU),29.9,87.4
2026-06-25T23:19:37.371Z,Ruang Bayi 1 (NICU),29.9,87.3
2026-06-25T23:19:37.371Z,Ruang Bayi 1 (NICU),29.9,87.2
2026-06-25T23:19:37.371Z,Ruang Bayi 1 (NICU),29.9,87.2
2026-06-25T23:19:37.371Z,Ruang Bayi 1 (NICU),29.9,87.2
2026-06-25T23:19:37.371Z,Ruang Bayi 1 (NICU),29.9,87.3
2026-06-25T23:19:37.371Z,Ruang Bayi 1 (NICU),29.9,87.2
2026-06-25T23:19:37.371Z,Ruang Bayi 1 (NICU),29.9,87.2
2026-06-25T23:19:37.371Z,Ruang Bayi 1 (NICU),29.8,87.1
2026-06-25T23:19:37.371Z,Ruang Bayi 1 (NICU),30,87.2
2026-06-25T23:19:37.371Z,Ruang Bayi 1 (NICU),30,87.1
2026-06-25T23:19:37.371Z,Ruang Bayi 1 (NICU),30,87
2026-06-25T23:19:37.371Z,Ruang Bayi 1 (NICU),30,86.9
2026-06-25T23:19:37.371Z,Ruang Bayi 1 (NICU),30,86.7
2026-06-25T23:19:37.371Z,Ruang Bayi 1 (NICU),30.1,86.5
2026-06-25T23:19:37.371Z,Ruang Bayi 1 (NICU),30.1,86.3
2026-06-25T23:19:37.371Z,Ruang Bayi 1 (NICU),30.1,86.1
2026-06-25T23:19:37.371Z,Ruang Bayi 1 (NICU),30.2,86.2
2026-06-25T23:19:37.371Z,Ruang Bayi 1 (NICU),30.2,86.3
2026-06-25T23:19:37.371Z,Ruang Bayi 1 (NICU),30.2,86.8
2026-06-25T23:19:37.371Z,Ruang Bayi 1 (NICU),30.3,86.8
2026-06-25T23:19:37.371Z,Ruang Bayi 1 (NICU),30.3,86.7
2026-06-25T23:19:37.371Z,Ruang Bayi 1 (NICU),30.3,86.9
2026-06-25T23:19:37.371Z,Ruang Bayi 1 (NICU),29.6,87.7
2026-06-25T23:19:37.371Z,Ruang Bayi 1 (NICU),29.6,87.9
2026-06-25T23:19:37.371Z,Ruang Bayi 1 (NICU),29.6,87.7
2026-06-25T23:19:37.371Z,Ruang Bayi 1 (NICU),29.6,87.6
2026-06-25T23:19:37.371Z,Ruang Bayi 1 (NICU),29.6,87.6
2026-06-25T23:19:37.371Z,Ruang Bayi 1 (NICU),29.6,87.7
2026-06-25T23:19:37.371Z,Ruang Bayi 1 (NICU),29.6,87.6
2026-06-25T23:19:37.371Z,Ruang Bayi 1 (NICU),29.6,87.6
2026-06-25T23:19:37.371Z,Ruang Bayi 1 (NICU),29.6,87.7
2026-06-25T23:19:37.371Z,Ruang Bayi 1 (NICU),29.6,87.7
2026-06-25T23:19:37.371Z,Ruang Bayi 1 (NICU),29.6,87.8
2026-06-25T23:19:37.371Z,Ruang Bayi 1 (NICU),29.6,87.8
2026-06-25T23:19:37.371Z,Ruang Bayi 1 (NICU),29.6,87.8
2026-06-25T23:19:37.371Z,Ruang Bayi 1 (NICU),29.6,87.7
2026-06-25T23:19:37.371Z,Ruang Bayi 1 (NICU),29.6,87.7
2026-06-25T23:19:37.371Z,Ruang Bayi 1 (NICU),29.6,87.6
2026-06-25T23:19:37.371Z,Ruang Bayi 1 (NICU),29.6,87.8
2026-06-25T23:19:37.371Z,Ruang Bayi 1 (NICU),29.6,87.6
2026-06-25T23:19:37.371Z,Ruang Bayi 1 (NICU),29.7,87.2
2026-06-25T23:19:37.371Z,Ruang Bayi 1 (NICU),29.7,87.2
2026-06-25T23:19:37.371Z,Ruang Bayi 1 (NICU),29.7,87.2
2026-06-25T23:19:37.371Z,Ruang Bayi 1 (NICU),29.7,87.3
2026-06-25T23:19:37.371Z,Ruang Bayi 1 (NICU),29.7,87.3
2026-06-25T23:19:37.371Z,Ruang Bayi 1 (NICU),29.7,87.3
2026-06-25T23:19:37.371Z,Ruang Bayi 1 (NICU),29.7,87.3
2026-06-25T23:19:37.371Z,Ruang Bayi 1 (NICU),29.7,87.4
2026-06-25T23:19:37.371Z,Ruang Bayi 1 (NICU),29.7,87.5
2026-06-25T23:19:37.371Z,Ruang Bayi 1 (NICU),29.7,87.5
2026-06-25T23:19:37.371Z,Ruang Bayi 1 (NICU),29.8,87.4
2026-06-25T23:19:37.371Z,Ruang Bayi 1 (NICU),29.8,87.2
2026-06-25T23:19:37.371Z,Ruang Bayi 1 (NICU),34.2,100
2026-06-25T23:19:37.371Z,Ruang Bayi 1 (NICU),40.1,69.4
2026-06-25T23:19:37.372Z,Ruang Bayi 1 (NICU),40.7,68.7
2026-06-25T23:19:37.372Z,Ruang Bayi 1 (NICU),41.2,67.8
2026-06-25T23:19:37.372Z,Ruang Bayi 1 (NICU),41.9,66.2
2026-06-25T23:19:37.372Z,Ruang Bayi 1 (NICU),42.6,66.8
2026-06-25T23:19:37.372Z,Ruang Bayi 1 (NICU),43.3,70.1
2026-06-25T23:19:37.372Z,Ruang Bayi 1 (NICU),43.8,73.9
2026-06-25T23:19:37.372Z,Ruang Bayi 1 (NICU),44.3,76.6
2026-06-25T23:19:37.372Z,Ruang Bayi 1 (NICU),44.8,80.1
2026-06-25T23:19:37.372Z,Ruang Bayi 1 (NICU),45.2,82.9
2026-06-25T23:19:37.372Z,Ruang Bayi 1 (NICU),45.2,93.6
2026-06-25T23:19:37.372Z,Ruang Bayi 1 (NICU),45,100
2026-06-25T23:19:37.372Z,Ruang Bayi 1 (NICU),43.9,100
2026-06-25T23:19:37.372Z,Ruang Bayi 1 (NICU),41.1,80.9
2026-06-25T23:19:37.372Z,Ruang Bayi 1 (NICU),37.2,100
2026-06-25T23:19:37.372Z,Ruang Bayi 1 (NICU),39.7,69.9
2026-06-25T23:19:37.372Z,Ruang Bayi 1 (NICU),32,100
2026-06-25T23:19:37.372Z,Ruang Bayi 1 (NICU),31,92.8
2026-06-25T23:19:37.372Z,Ruang Bayi 1 (NICU),30.8,90.1
2026-06-25T23:19:37.372Z,Ruang Bayi 1 (NICU),30.7,87.8
2026-06-25T23:19:37.372Z,Ruang Bayi 1 (NICU),30.7,89.3
2026-06-25T23:19:37.372Z,Ruang Bayi 1 (NICU),30.7,86.4
2026-06-25T23:19:37.372Z,Ruang Bayi 1 (NICU),30.8,86.3
2026-06-25T23:19:37.372Z,Ruang Bayi 1 (NICU),30.8,86.3
2026-06-25T23:19:37.372Z,Ruang Bayi 1 (NICU),31.1,86.6
2026-06-25T23:19:37.372Z,Ruang Bayi 1 (NICU),31.2,86.5
2026-06-25T23:19:37.372Z,Ruang Bayi 1 (NICU),31.3,86.6
2026-06-25T23:19:37.372Z,Ruang Bayi 1 (NICU),31.3,86.7
2026-06-25T23:19:37.372Z,Ruang Bayi 1 (NICU),31.4,86.6
2026-06-25T23:19:37.372Z,Ruang Bayi 1 (NICU),31.4,86.9
2026-06-25T23:19:37.372Z,Ruang Bayi 1 (NICU),35.6,72.4
2026-06-25T23:19:37.372Z,Ruang Bayi 1 (NICU),33.4,75.2
2026-06-25T23:19:37.372Z,Ruang Bayi 1 (NICU),33.5,75
2026-06-25T23:19:37.372Z,Ruang Bayi 1 (NICU),33.6,74.8
2026-06-25T23:19:37.372Z,Ruang Bayi 1 (NICU),33.7,74.6
2026-06-25T23:19:37.372Z,Ruang Bayi 1 (NICU),33.8,74.5
2026-06-25T23:19:37.372Z,Ruang Bayi 1 (NICU),34,74.2
2026-06-25T23:19:37.372Z,Ruang Bayi 1 (NICU),34.1,73.9
2026-06-25T23:19:37.372Z,Ruang Bayi 1 (NICU),34.3,73.7
2026-06-25T23:19:37.372Z,Ruang Bayi 1 (NICU),34.4,73.5
2026-06-25T23:19:37.372Z,Ruang Bayi 1 (NICU),34.6,73.4
2026-06-25T23:19:37.372Z,Ruang Bayi 1 (NICU),34.7,73.3
2026-06-25T23:19:37.372Z,Ruang Bayi 1 (NICU),34.9,73.2
2026-06-25T23:19:37.372Z,Ruang Bayi 1 (NICU),35,73
2026-06-25T23:19:37.372Z,Ruang Bayi 1 (NICU),35.2,72.7
2026-06-25T23:19:37.372Z,Ruang Bayi 1 (NICU),35.4,72.6
2026-06-25T23:19:37.372Z,Ruang Bayi 1 (NICU),31.4,86.6
2026-06-25T23:19:37.372Z,Ruang Bayi 1 (NICU),35.7,72.2
2026-06-25T23:19:37.372Z,Ruang Bayi 1 (NICU),36,72
2026-06-25T23:19:37.372Z,Ruang Bayi 1 (NICU),36.2,71.6
2026-06-25T23:19:37.372Z,Ruang Bayi 1 (NICU),36.4,71.6
2026-06-25T23:19:37.372Z,Ruang Bayi 1 (NICU),36.6,71.5
2026-06-25T23:19:37.372Z,Ruang Bayi 1 (NICU),36.9,71.5
2026-06-25T23:19:37.372Z,Ruang Bayi 1 (NICU),37.1,71.4
2026-06-25T23:19:37.372Z,Ruang Bayi 1 (NICU),37.4,71.2
2026-06-25T23:19:37.372Z,Ruang Bayi 1 (NICU),37.6,71.1
2026-06-25T23:19:37.372Z,Ruang Bayi 1 (NICU),37.9,70.9
2026-06-25T23:19:37.372Z,Ruang Bayi 1 (NICU),38.2,70.9
2026-06-25T23:19:37.372Z,Ruang Bayi 1 (NICU),38.5,70.7
2026-06-25T23:19:37.372Z,Ruang Bayi 1 (NICU),38.8,70.5
2026-06-25T23:19:37.372Z,Ruang Bayi 1 (NICU),39.2,70.3
2026-06-25T23:19:37.372Z,Ruang Bayi 1 (NICU),31.7,100
2026-06-25T23:19:37.372Z,Ruang Bayi 1 (NICU),35.2,100
2026-06-25T23:19:37.372Z,Ruang Bayi 1 (NICU),35.1,100
2026-06-25T23:19:37.372Z,Ruang Bayi 1 (NICU),35,100
2026-06-25T23:19:37.372Z,Ruang Bayi 1 (NICU),35,100
2026-06-25T23:19:37.372Z,Ruang Bayi 1 (NICU),34.9,100
2026-06-25T23:19:37.372Z,Ruang Bayi 1 (NICU),34.8,100
2026-06-25T23:19:37.372Z,Ruang Bayi 1 (NICU),34.7,100
2026-06-25T23:19:37.372Z,Ruang Bayi 1 (NICU),34.6,100
2026-06-25T23:19:37.372Z,Ruang Bayi 1 (NICU),34.4,100
2026-06-25T23:19:37.372Z,Ruang Bayi 1 (NICU),34.1,100
2026-06-25T23:19:37.372Z,Ruang Bayi 1 (NICU),33.6,100
2026-06-25T23:19:37.372Z,Ruang Bayi 1 (NICU),33,100
2026-06-25T23:19:37.372Z,Ruang Bayi 1 (NICU),32.6,100
2026-06-25T23:19:37.372Z,Ruang Bayi 1 (NICU),32.4,100
2026-06-25T23:19:37.372Z,Ruang Bayi 1 (NICU),32.1,100
2026-06-25T23:19:37.372Z,Ruang Bayi 1 (NICU),34.9,100
2026-06-25T23:19:37.372Z,Ruang Bayi 1 (NICU),31.1,100
2026-06-25T23:19:37.372Z,Ruang Bayi 1 (NICU),29.6,91
2026-06-25T23:19:37.372Z,Ruang Bayi 1 (NICU),29.3,89.6
2026-06-25T23:19:37.372Z,Ruang Bayi 1 (NICU),29.6,88.3
2026-06-25T23:19:37.372Z,Ruang Bayi 1 (NICU),29.6,88.4
2026-06-25T23:19:37.372Z,Ruang Bayi 1 (NICU),29.6,88.5
2026-06-25T23:19:37.372Z,Ruang Bayi 1 (NICU),29.6,88.6
2026-06-25T23:19:37.372Z,Ruang Bayi 1 (NICU),29.6,88.2
2026-06-25T23:19:37.372Z,Ruang Bayi 1 (NICU),29.6,88.6
2026-06-25T23:19:37.372Z,Ruang Bayi 1 (NICU),29.6,88.3
2026-06-25T23:19:37.372Z,Ruang Bayi 1 (NICU),29.4,88
2026-06-25T23:19:37.372Z,Ruang Bayi 1 (NICU),29.6,87.9
2026-06-25T23:19:37.372Z,Ruang Bayi 1 (NICU),29.6,87.9
2026-06-25T23:19:37.372Z,Ruang Bayi 1 (NICU),29.6,87.7
2026-06-25T23:19:37.372Z,Ruang Bayi 1 (NICU),31.9,94.5
2026-06-25T23:19:37.372Z,Ruang Bayi 1 (NICU),31.5,86.8
2026-06-25T23:19:37.372Z,Ruang Bayi 1 (NICU),31.5,87
2026-06-25T23:19:37.372Z,Ruang Bayi 1 (NICU),31.5,87.3
2026-06-25T23:19:37.372Z,Ruang Bayi 1 (NICU),31.6,87.4
2026-06-25T23:19:37.372Z,Ruang Bayi 1 (NICU),31.6,87.7
2026-06-25T23:19:37.372Z,Ruang Bayi 1 (NICU),31.6,87.9
2026-06-25T23:19:37.372Z,Ruang Bayi 1 (NICU),31.7,88
2026-06-25T23:19:37.372Z,Ruang Bayi 1 (NICU),31.2,88.3
2026-06-25T23:19:37.372Z,Ruang Bayi 1 (NICU),31.5,88.5
2026-06-25T23:19:37.372Z,Ruang Bayi 1 (NICU),31.8,88.8
2026-06-25T23:19:37.372Z,Ruang Bayi 1 (NICU),31.8,89.3
2026-06-25T23:19:37.372Z,Ruang Bayi 1 (NICU),31.8,89.6
2026-06-25T23:19:37.372Z,Ruang Bayi 1 (NICU),31.9,90.1
2026-06-25T23:19:37.372Z,Ruang Bayi 1 (NICU),32,100
2026-06-25T23:19:37.372Z,Ruang Bayi 1 (NICU),32,82
2026-06-25T23:19:37.373Z,Ruang Bayi 1 (NICU),31.9,91.4
2026-06-25T23:19:37.373Z,Ruang Bayi 1 (NICU),32,100
2026-06-25T23:19:37.373Z,Ruang Bayi 1 (NICU),32.1,100
2026-06-25T23:19:37.373Z,Ruang Bayi 1 (NICU),32.2,100
2026-06-25T23:19:37.373Z,Ruang Bayi 1 (NICU),32.3,100
2026-06-25T23:19:37.373Z,Ruang Bayi 1 (NICU),32.4,100
2026-06-25T23:19:37.373Z,Ruang Bayi 1 (NICU),32.6,100
2026-06-25T23:19:37.373Z,Ruang Bayi 1 (NICU),32.7,100
2026-06-25T23:19:37.373Z,Ruang Bayi 1 (NICU),32.9,100
2026-06-25T23:19:37.373Z,Ruang Bayi 1 (NICU),33.2,100
2026-06-25T23:19:37.373Z,Ruang Bayi 1 (NICU),33.4,100
2026-06-25T23:19:37.373Z,Ruang Bayi 1 (NICU),33.7,100
2026-06-25T23:19:37.373Z,Ruang Bayi 1 (NICU),34,100
2026-06-25T23:19:37.373Z,Ruang Bayi 1 (NICU),34.4,100
2026-06-25T23:19:37.373Z,Ruang Bayi 1 (NICU),31.5,80.7
2026-06-25T23:19:37.373Z,Ruang Bayi 1 (NICU),34.5,100
2026-06-25T23:19:37.373Z,Ruang Bayi 1 (NICU),34.3,100
2026-06-25T23:19:37.373Z,Ruang Bayi 1 (NICU),33.9,100
2026-06-25T23:19:37.373Z,Ruang Bayi 1 (NICU),33.8,100
2026-06-25T23:19:37.373Z,Ruang Bayi 1 (NICU),33.6,100
2026-06-25T23:19:37.373Z,Ruang Bayi 1 (NICU),33.7,100
2026-06-25T23:19:37.373Z,Ruang Bayi 1 (NICU),33.6,100
2026-06-25T23:19:37.373Z,Ruang Bayi 1 (NICU),33.1,100
2026-06-25T23:19:37.373Z,Ruang Bayi 1 (NICU),32.7,100
2026-06-25T23:19:37.373Z,Ruang Bayi 1 (NICU),32.5,100
2026-06-25T23:19:37.373Z,Ruang Bayi 1 (NICU),31.8,100
2026-06-25T23:19:37.373Z,Ruang Bayi 1 (NICU),31.1,80.8
2026-06-25T23:19:37.373Z,Ruang Bayi 1 (NICU),31.1,80.9
2026-06-25T23:19:37.373Z,Ruang Bayi 1 (NICU),31.1,81
2026-06-25T23:19:37.373Z,Ruang Bayi 1 (NICU),31.2,81
2026-06-25T23:19:37.373Z,Ruang Bayi 1 (NICU),34.7,100
2026-06-25T23:19:37.373Z,Ruang Bayi 1 (NICU),31.5,81.4
2026-06-25T23:19:37.373Z,Ruang Bayi 1 (NICU),31.4,82.1
2026-06-25T23:19:37.373Z,Ruang Bayi 1 (NICU),31.3,81
2026-06-25T23:19:37.373Z,Ruang Bayi 1 (NICU),31.3,81.2
2026-06-25T23:19:37.373Z,Ruang Bayi 1 (NICU),31.3,81.4
2026-06-25T23:19:37.373Z,Ruang Bayi 1 (NICU),31.2,81.7
2026-06-25T23:19:37.373Z,Ruang Bayi 1 (NICU),31.2,81.2
2026-06-25T23:19:37.373Z,Ruang Bayi 1 (NICU),31.2,81.4
2026-06-25T23:19:37.373Z,Ruang Bayi 1 (NICU),36.4,66.3
2026-06-25T23:19:37.373Z,Ruang Bayi 1 (NICU),38.1,63
2026-06-25T23:19:37.373Z,Ruang Bayi 1 (NICU),32,79.8
2026-06-25T23:19:37.373Z,Ruang Bayi 1 (NICU),32,79.8
2026-06-25T23:19:37.373Z,Ruang Bayi 1 (NICU),32,80.3
2026-06-25T23:19:37.373Z,Ruang Bayi 1 (NICU),32,80.6
2026-06-25T23:19:37.373Z,Ruang Bayi 1 (NICU),32.8,78.4
2026-06-25T23:19:37.373Z,Ruang Bayi 1 (NICU),32.6,78.2
2026-06-25T23:19:37.373Z,Ruang Bayi 1 (NICU),32.6,78.5
2026-06-25T23:19:37.373Z,Ruang Bayi 1 (NICU),32.6,77.6
2026-06-25T23:19:37.373Z,Ruang Bayi 1 (NICU),32.6,77.5
2026-06-25T23:19:37.373Z,Ruang Bayi 1 (NICU),32.7,77.6
2026-06-25T23:19:37.373Z,Ruang Bayi 1 (NICU),32.7,77.5
2026-06-25T23:19:37.373Z,Ruang Bayi 1 (NICU),32.7,77.7
2026-06-25T23:19:37.373Z,Ruang Bayi 1 (NICU),32.7,78
2026-06-25T23:19:37.373Z,Ruang Bayi 1 (NICU),32.7,78
2026-06-25T23:19:37.373Z,Ruang Bayi 1 (NICU),32.7,78
2026-06-25T23:19:37.373Z,Ruang Bayi 1 (NICU),32.8,77.7
2026-06-25T23:19:37.373Z,Ruang Bayi 1 (NICU),32.8,77.7
2026-06-25T23:19:37.373Z,Ruang Bayi 1 (NICU),32.8,77.7
2026-06-25T23:19:37.373Z,Ruang Bayi 1 (NICU),32.8,78.1
2026-06-25T23:19:37.373Z,Ruang Bayi 1 (NICU),32.8,78.3
2026-06-25T23:19:37.373Z,Ruang Bayi 1 (NICU),32.1,80.4
2026-06-25T23:19:37.373Z,Ruang Bayi 1 (NICU),32.9,78
2026-06-25T23:19:37.373Z,Ruang Bayi 1 (NICU),32.9,78.1
2026-06-25T23:19:37.373Z,Ruang Bayi 1 (NICU),32.9,78.7
2026-06-25T23:19:37.373Z,Ruang Bayi 1 (NICU),32.9,77.7
2026-06-25T23:19:37.373Z,Ruang Bayi 1 (NICU),33.3,78.2
2026-06-25T23:19:37.373Z,Ruang Bayi 1 (NICU),35,84.6
2026-06-25T23:19:37.373Z,Ruang Bayi 1 (NICU),35.1,88
2026-06-25T23:19:37.373Z,Ruang Bayi 1 (NICU),35.1,100
2026-06-25T23:19:37.373Z,Ruang Bayi 1 (NICU),35.2,100
2026-06-25T23:19:37.373Z,Ruang Bayi 1 (NICU),35.4,100
2026-06-25T23:19:37.373Z,Ruang Bayi 1 (NICU),35.3,100
2026-06-25T23:19:37.373Z,Ruang Bayi 1 (NICU),35.1,100
2026-06-25T23:19:37.373Z,Ruang Bayi 1 (NICU),35,100
2026-06-25T23:19:37.373Z,Ruang Bayi 1 (NICU),34.9,100
2026-06-25T23:19:37.373Z,Ruang Bayi 1 (NICU),30.4,86.3
2026-06-25T23:19:37.373Z,Ruang Bayi 1 (NICU),30.4,86.6
2026-06-25T23:19:37.373Z,Ruang Bayi 1 (NICU),30.4,86.7
2026-06-25T23:19:37.373Z,Ruang Bayi 1 (NICU),30.4,86.5
2026-06-25T23:19:37.373Z,Ruang Bayi 1 (NICU),30.4,86.6
2026-06-25T23:19:37.373Z,Ruang Bayi 1 (NICU),30.4,86.5
2026-06-25T23:19:37.373Z,Ruang Bayi 1 (NICU),30.4,86.5
2026-06-25T23:19:37.373Z,Ruang Bayi 1 (NICU),30.4,86.7
2026-06-25T23:19:37.373Z,Ruang Bayi 1 (NICU),30.4,86.6
2026-06-25T23:19:37.373Z,Ruang Bayi 1 (NICU),30.4,86.3
2026-06-25T23:19:37.373Z,Ruang Bayi 1 (NICU),30.4,86.3
2026-06-25T23:19:37.373Z,Ruang Bayi 1 (NICU),30.4,86.3
2026-06-25T23:19:37.373Z,Ruang Bayi 1 (NICU),30.4,86.3
2026-06-25T23:19:37.373Z,Ruang Bayi 1 (NICU),30.4,86.3
2026-06-25T23:19:37.373Z,Ruang Bayi 1 (NICU),30.4,86.3
2026-06-25T23:19:37.373Z,Ruang Bayi 1 (NICU),30.4,86.3
2026-06-25T23:19:37.373Z,Ruang Bayi 1 (NICU),30.4,86.6
2026-06-25T23:19:37.373Z,Ruang Bayi 1 (NICU),30.4,86.3
2026-06-25T23:19:37.373Z,Ruang Bayi 1 (NICU),30.4,86.3
2026-06-25T23:19:37.373Z,Ruang Bayi 1 (NICU),30.4,86.3
2026-06-25T23:19:37.373Z,Ruang Bayi 1 (NICU),30.4,86.4
2026-06-25T23:19:37.373Z,Ruang Bayi 1 (NICU),30.4,86.3
2026-06-25T23:19:37.373Z,Ruang Bayi 1 (NICU),30.4,86.3
2026-06-25T23:19:37.373Z,Ruang Bayi 1 (NICU),30.4,86.3
2026-06-25T23:19:37.373Z,Ruang Bayi 1 (NICU),30.4,86.3
2026-06-25T23:19:37.373Z,Ruang Bayi 1 (NICU),30.4,86.3
2026-06-25T23:19:37.373Z,Ruang Bayi 1 (NICU),30.4,86.4
2026-06-25T23:19:37.373Z,Ruang Bayi 1 (NICU),30.4,86.3
2026-06-25T23:19:37.374Z,Ruang Bayi 1 (NICU),30.4,86.3
2026-06-25T23:19:37.374Z,Ruang Bayi 1 (NICU),30.4,86.4
2026-06-25T23:19:37.374Z,Ruang Bayi 1 (NICU),30.4,86.3
2026-06-25T23:19:37.374Z,Ruang Bayi 1 (NICU),32,100
2026-06-25T23:19:37.374Z,Ruang Bayi 1 (NICU),32.1,80.4
2026-06-25T23:19:37.374Z,Ruang Bayi 1 (NICU),32.1,80.4
2026-06-25T23:19:37.374Z,Ruang Bayi 1 (NICU),32.1,80.7
2026-06-25T23:19:37.374Z,Ruang Bayi 1 (NICU),32.1,80.8
2026-06-25T23:19:37.374Z,Ruang Bayi 1 (NICU),32.1,80.9
2026-06-25T23:19:37.374Z,Ruang Bayi 1 (NICU),32.1,82.6
2026-06-25T23:19:37.374Z,Ruang Bayi 1 (NICU),32.1,82.7
2026-06-25T23:19:37.374Z,Ruang Bayi 1 (NICU),32.1,84.3
2026-06-25T23:19:37.374Z,Ruang Bayi 1 (NICU),32,87.1
2026-06-25T23:19:37.374Z,Ruang Bayi 1 (NICU),32,98.8
2026-06-25T23:19:37.374Z,Ruang Bayi 1 (NICU),32.1,100
2026-06-25T23:19:37.374Z,Ruang Bayi 1 (NICU),32.5,100
2026-06-25T23:19:37.374Z,Ruang Bayi 1 (NICU),32.7,100
2026-06-25T23:19:37.374Z,Ruang Bayi 1 (NICU),32.3,100
2026-06-25T23:19:37.374Z,Ruang Bayi 1 (NICU),32.6,78
2026-06-25T23:19:37.374Z,Ruang Bayi 1 (NICU),31.5,81.7
2026-06-25T23:19:37.374Z,Ruang Bayi 1 (NICU),31.5,81.1
2026-06-25T23:19:37.374Z,Ruang Bayi 1 (NICU),31.5,81.5
2026-06-25T23:19:37.374Z,Ruang Bayi 1 (NICU),31.5,81.2
2026-06-25T23:19:37.374Z,Ruang Bayi 1 (NICU),31.5,81.6
2026-06-25T23:19:37.374Z,Ruang Bayi 1 (NICU),31.3,83.5
2026-06-25T23:19:37.374Z,Ruang Bayi 1 (NICU),31.8,79.8
2026-06-25T23:19:37.374Z,Ruang Bayi 1 (NICU),31.8,79.5
2026-06-25T23:19:37.374Z,Ruang Bayi 1 (NICU),31.8,79.8
2026-06-25T23:19:37.374Z,Ruang Bayi 1 (NICU),31.7,79.8
2026-06-25T23:19:37.374Z,Ruang Bayi 1 (NICU),31.7,80.5
2026-06-25T23:19:37.374Z,Ruang Bayi 1 (NICU),31.7,81.1
2026-06-25T23:19:37.374Z,Ruang Bayi 1 (NICU),31.6,80.5
2026-06-25T23:19:37.374Z,Ruang Bayi 1 (NICU),31.6,81.1
2026-06-25T23:19:37.386Z,Ruang Bayi 1 (NICU),30.8,81.7
2026-06-25T23:19:37.386Z,Ruang Bayi 1 (NICU),30.6,82.1
2026-06-25T23:19:37.386Z,Ruang Bayi 1 (NICU),30.6,82.1
2026-06-25T23:19:37.386Z,Ruang Bayi 1 (NICU),30.6,82.2
2026-06-25T23:19:37.386Z,Ruang Bayi 1 (NICU),30.7,82.3
2026-06-25T23:19:37.386Z,Ruang Bayi 1 (NICU),30.7,82.4
2026-06-25T23:19:37.386Z,Ruang Bayi 1 (NICU),30.7,82.3
2026-06-25T23:19:37.386Z,Ruang Bayi 1 (NICU),30.7,82.2
2026-06-25T23:19:37.386Z,Ruang Bayi 1 (NICU),30.7,82
2026-06-25T23:19:37.386Z,Ruang Bayi 1 (NICU),30.7,81.9
2026-06-25T23:19:37.386Z,Ruang Bayi 1 (NICU),30.7,81.8
2026-06-25T23:19:37.386Z,Ruang Bayi 1 (NICU),30.7,81.7
2026-06-25T23:19:37.386Z,Ruang Bayi 1 (NICU),30.7,81.6
2026-06-25T23:19:37.386Z,Ruang Bayi 1 (NICU),30.7,81.7
2026-06-25T23:19:37.386Z,Ruang Bayi 1 (NICU),30.7,81.7
2026-06-25T23:19:37.386Z,Ruang Bayi 1 (NICU),30.7,81.7
2026-06-25T23:19:37.386Z,Ruang Bayi 1 (NICU),30.7,82.4
2026-06-25T23:19:37.386Z,Ruang Bayi 1 (NICU),30.7,81.8
2026-06-25T23:19:37.386Z,Ruang Bayi 1 (NICU),30.8,81.4
2026-06-25T23:19:37.386Z,Ruang Bayi 1 (NICU),30.8,81.3
2026-06-25T23:19:37.386Z,Ruang Bayi 1 (NICU),30.8,81.3
2026-06-25T23:19:37.386Z,Ruang Bayi 1 (NICU),30.8,81.2
2026-06-25T23:19:37.386Z,Ruang Bayi 1 (NICU),30.8,81.3
2026-06-25T23:19:37.386Z,Ruang Bayi 1 (NICU),30.8,81.2
2026-06-25T23:19:37.386Z,Ruang Bayi 1 (NICU),30.8,81.1
2026-06-25T23:19:37.386Z,Ruang Bayi 1 (NICU),30.8,81
2026-06-25T23:19:37.386Z,Ruang Bayi 1 (NICU),30.9,80.9
2026-06-25T23:19:37.386Z,Ruang Bayi 1 (NICU),30.9,81
2026-06-25T23:19:37.386Z,Ruang Bayi 1 (NICU),30.9,81.1
2026-06-25T23:19:37.386Z,Ruang Bayi 1 (NICU),30.9,81.1
2026-06-25T23:19:37.386Z,Ruang Bayi 1 (NICU),30.9,81.2
2026-06-25T23:19:37.386Z,Ruang Bayi 1 (NICU),30.6,82.6
2026-06-25T23:19:37.386Z,Ruang Bayi 1 (NICU),30.6,82.6
2026-06-25T23:19:37.386Z,Ruang Bayi 1 (NICU),30.6,82.7
2026-06-25T23:19:37.386Z,Ruang Bayi 1 (NICU),30.6,82.6
2026-06-25T23:19:37.386Z,Ruang Bayi 1 (NICU),30.6,82.7
2026-06-25T23:19:37.386Z,Ruang Bayi 1 (NICU),30.6,82.7
2026-06-25T23:19:37.386Z,Ruang Bayi 1 (NICU),30.6,82.6
2026-06-25T23:19:37.386Z,Ruang Bayi 1 (NICU),30.6,82.6
2026-06-25T23:19:37.386Z,Ruang Bayi 1 (NICU),30.6,82.5
2026-06-25T23:19:37.386Z,Ruang Bayi 1 (NICU),30.6,82.6
2026-06-25T23:19:37.386Z,Ruang Bayi 1 (NICU),30.6,82.6
2026-06-25T23:19:37.386Z,Ruang Bayi 1 (NICU),30.6,82.6
2026-06-25T23:19:37.386Z,Ruang Bayi 1 (NICU),30.6,82.8
2026-06-25T23:19:37.386Z,Ruang Bayi 1 (NICU),30.6,82.6
2026-06-25T23:19:37.386Z,Ruang Bayi 1 (NICU),30.6,82.6
2026-06-25T23:19:37.386Z,Ruang Bayi 1 (NICU),30.6,82.6
2026-06-25T23:19:37.386Z,Ruang Bayi 1 (NICU),30.9,81.1
2026-06-25T23:19:37.386Z,Ruang Bayi 1 (NICU),30.6,82.6
2026-06-25T23:19:37.387Z,Ruang Bayi 1 (NICU),30.6,82.5
2026-06-25T23:19:37.387Z,Ruang Bayi 1 (NICU),30.6,82.3
2026-06-25T23:19:37.387Z,Ruang Bayi 1 (NICU),30.6,82.2
2026-06-25T23:19:37.387Z,Ruang Bayi 1 (NICU),30.6,82.2
2026-06-25T23:19:37.387Z,Ruang Bayi 1 (NICU),30.6,82.2
2026-06-25T23:19:37.387Z,Ruang Bayi 1 (NICU),30.6,82.3
2026-06-25T23:19:37.387Z,Ruang Bayi 1 (NICU),30.6,82.5
2026-06-25T23:19:37.387Z,Ruang Bayi 1 (NICU),30.6,82.6
2026-06-25T23:19:37.387Z,Ruang Bayi 1 (NICU),30.6,82.5
2026-06-25T23:19:37.387Z,Ruang Bayi 1 (NICU),30.6,82.6
2026-06-25T23:19:37.387Z,Ruang Bayi 1 (NICU),30.6,82.5
2026-06-25T23:19:37.387Z,Ruang Bayi 1 (NICU),30.6,82.4
2026-06-25T23:19:37.387Z,Ruang Bayi 1 (NICU),30.6,82.5
2026-06-25T23:19:37.387Z,Ruang Bayi 1 (NICU),32,77.9
2026-06-25T23:19:37.387Z,Ruang Bayi 1 (NICU),31.4,79.2
2026-06-25T23:19:37.387Z,Ruang Bayi 1 (NICU),31.4,79.2
2026-06-25T23:19:37.387Z,Ruang Bayi 1 (NICU),31.5,79
2026-06-25T23:19:37.387Z,Ruang Bayi 1 (NICU),31.5,79
2026-06-25T23:19:37.387Z,Ruang Bayi 1 (NICU),31.5,78.9
2026-06-25T23:19:37.387Z,Ruang Bayi 1 (NICU),31.6,78.8
2026-06-25T23:19:37.387Z,Ruang Bayi 1 (NICU),31.6,78.7
2026-06-25T23:19:37.387Z,Ruang Bayi 1 (NICU),31.6,78.5
2026-06-25T23:19:37.387Z,Ruang Bayi 1 (NICU),31.7,78.6
2026-06-25T23:19:37.387Z,Ruang Bayi 1 (NICU),31.7,78.4
2026-06-25T23:19:37.387Z,Ruang Bayi 1 (NICU),31.8,78.3
2026-06-25T23:19:37.387Z,Ruang Bayi 1 (NICU),31.8,78.2
2026-06-25T23:19:37.387Z,Ruang Bayi 1 (NICU),31.8,78.3
2026-06-25T23:19:37.387Z,Ruang Bayi 1 (NICU),31.9,78.1
2026-06-25T23:19:37.387Z,Ruang Bayi 1 (NICU),31.9,78
2026-06-25T23:19:37.387Z,Ruang Bayi 1 (NICU),31.4,79.4
2026-06-25T23:19:37.387Z,Ruang Bayi 1 (NICU),32,77.9
2026-06-25T23:19:37.387Z,Ruang Bayi 1 (NICU),32,77.9
2026-06-25T23:19:37.387Z,Ruang Bayi 1 (NICU),32.1,77.7
2026-06-25T23:19:37.387Z,Ruang Bayi 1 (NICU),32.1,77.6
2026-06-25T23:19:37.387Z,Ruang Bayi 1 (NICU),32.2,77.4
2026-06-25T23:19:37.387Z,Ruang Bayi 1 (NICU),32.2,77.4
2026-06-25T23:19:37.387Z,Ruang Bayi 1 (NICU),32.3,77.4
2026-06-25T23:19:37.387Z,Ruang Bayi 1 (NICU),32.3,77.4
2026-06-25T23:19:37.387Z,Ruang Bayi 1 (NICU),32.4,77.4
2026-06-25T23:19:37.387Z,Ruang Bayi 1 (NICU),32.4,77.4
2026-06-25T23:19:37.387Z,Ruang Bayi 1 (NICU),32.5,77.5
2026-06-25T23:19:37.387Z,Ruang Bayi 1 (NICU),32.5,77.3
2026-06-25T23:19:37.387Z,Ruang Bayi 1 (NICU),32.5,77.4
2026-06-25T23:19:37.387Z,Ruang Bayi 1 (NICU),32.5,77.8
2026-06-25T23:19:37.387Z,Ruang Bayi 1 (NICU),31,80.4
2026-06-25T23:19:37.387Z,Ruang Bayi 1 (NICU),30.9,81.1
2026-06-25T23:19:37.387Z,Ruang Bayi 1 (NICU),30.9,81.1
2026-06-25T23:19:37.387Z,Ruang Bayi 1 (NICU),30.9,81.1
2026-06-25T23:19:37.387Z,Ruang Bayi 1 (NICU),31,80.9
2026-06-25T23:19:37.387Z,Ruang Bayi 1 (NICU),31,81.3
2026-06-25T23:19:37.387Z,Ruang Bayi 1 (NICU),31,81.5
2026-06-25T23:19:37.387Z,Ruang Bayi 1 (NICU),31,81.3
2026-06-25T23:19:37.387Z,Ruang Bayi 1 (NICU),31,81.2
2026-06-25T23:19:37.387Z,Ruang Bayi 1 (NICU),31,81.3
2026-06-25T23:19:37.387Z,Ruang Bayi 1 (NICU),31,82.2
2026-06-25T23:19:37.387Z,Ruang Bayi 1 (NICU),31,82.7
2026-06-25T23:19:37.387Z,Ruang Bayi 1 (NICU),31,80.5
2026-06-25T23:19:37.387Z,Ruang Bayi 1 (NICU),31,80.5
2026-06-25T23:19:37.387Z,Ruang Bayi 1 (NICU),31,80.4
2026-06-25T23:19:37.387Z,Ruang Bayi 1 (NICU),30.4,86.3
2026-06-25T23:19:37.387Z,Ruang Bayi 1 (NICU),31.1,80.4
2026-06-25T23:19:37.387Z,Ruang Bayi 1 (NICU),31.1,80.3
2026-06-25T23:19:37.387Z,Ruang Bayi 1 (NICU),31.1,80.3
2026-06-25T23:19:37.387Z,Ruang Bayi 1 (NICU),31.1,80.2
2026-06-25T23:19:37.387Z,Ruang Bayi 1 (NICU),31.1,80.2
2026-06-25T23:19:37.387Z,Ruang Bayi 1 (NICU),31.1,80.1
2026-06-25T23:19:37.387Z,Ruang Bayi 1 (NICU),31.2,80
2026-06-25T23:19:37.387Z,Ruang Bayi 1 (NICU),31.2,79.8
2026-06-25T23:19:37.387Z,Ruang Bayi 1 (NICU),31.2,79.7
2026-06-25T23:19:37.387Z,Ruang Bayi 1 (NICU),31.2,79.6
2026-06-25T23:19:37.387Z,Ruang Bayi 1 (NICU),31.3,79.4
2026-06-25T23:19:37.387Z,Ruang Bayi 1 (NICU),31.3,79.3
2026-06-25T23:19:37.387Z,Ruang Bayi 1 (NICU),31.3,79.4
2026-06-25T23:19:37.387Z,Ruang Bayi 1 (NICU),31.4,79.4
2026-06-25T23:19:37.387Z,Ruang Bayi 1 (NICU),31.2,86.7
2026-06-25T23:19:37.387Z,Ruang Bayi 1 (NICU),31,86.5
2026-06-25T23:19:37.387Z,Ruang Bayi 1 (NICU),31,86.5
2026-06-25T23:19:37.387Z,Ruang Bayi 1 (NICU),31,86.5
2026-06-25T23:19:37.387Z,Ruang Bayi 1 (NICU),31,86.5
2026-06-25T23:19:37.387Z,Ruang Bayi 1 (NICU),31,86.4
2026-06-25T23:19:37.387Z,Ruang Bayi 1 (NICU),31.1,86.5
2026-06-25T23:19:37.387Z,Ruang Bayi 1 (NICU),31.1,86.5
2026-06-25T23:19:37.387Z,Ruang Bayi 1 (NICU),31.1,86.5
2026-06-25T23:19:37.387Z,Ruang Bayi 1 (NICU),31.1,86.6
2026-06-25T23:19:37.387Z,Ruang Bayi 1 (NICU),31.1,86.7
2026-06-25T23:19:37.387Z,Ruang Bayi 1 (NICU),31.1,86.7
2026-06-25T23:19:37.387Z,Ruang Bayi 1 (NICU),31.1,86.8
2026-06-25T23:19:37.387Z,Ruang Bayi 1 (NICU),31.1,86.9
2026-06-25T23:19:37.387Z,Ruang Bayi 1 (NICU),31.1,86.8
2026-06-25T23:19:37.387Z,Ruang Bayi 1 (NICU),31.1,86.8
2026-06-25T23:19:37.387Z,Ruang Bayi 1 (NICU),31,86.5
2026-06-25T23:19:37.387Z,Ruang Bayi 1 (NICU),31.2,86.8
2026-06-25T23:19:37.387Z,Ruang Bayi 1 (NICU),31.2,86.7
2026-06-25T23:19:37.387Z,Ruang Bayi 1 (NICU),31.2,86.7
2026-06-25T23:19:37.387Z,Ruang Bayi 1 (NICU),31.2,86.8
2026-06-25T23:19:37.387Z,Ruang Bayi 1 (NICU),31.2,87
2026-06-25T23:19:37.387Z,Ruang Bayi 1 (NICU),31.3,86.9
2026-06-25T23:19:37.387Z,Ruang Bayi 1 (NICU),31.3,86.9
2026-06-25T23:19:37.388Z,Ruang Bayi 1 (NICU),31.3,87.2
2026-06-25T23:19:37.388Z,Ruang Bayi 1 (NICU),31.3,87.3
2026-06-25T23:19:37.388Z,Ruang Bayi 1 (NICU),31.3,87.4
2026-06-25T23:19:37.388Z,Ruang Bayi 1 (NICU),31.3,87.9
2026-06-25T23:19:37.388Z,Ruang Bayi 1 (NICU),31.3,88.2
2026-06-25T23:19:37.388Z,Ruang Bayi 1 (NICU),31.3,88.5
2026-06-25T23:19:37.388Z,Ruang Bayi 1 (NICU),31.4,89.4
2026-06-25T23:19:37.388Z,Ruang Bayi 1 (NICU),30.8,86.6
2026-06-25T23:19:37.388Z,Ruang Bayi 1 (NICU),30.7,86.7
2026-06-25T23:19:37.388Z,Ruang Bayi 1 (NICU),30.7,86.7
2026-06-25T23:19:37.388Z,Ruang Bayi 1 (NICU),30.7,86.7
2026-06-25T23:19:37.388Z,Ruang Bayi 1 (NICU),30.7,86.7
2026-06-25T23:19:37.388Z,Ruang Bayi 1 (NICU),30.7,86.6
2026-06-25T23:19:37.388Z,Ruang Bayi 1 (NICU),30.8,86.7
2026-06-25T23:19:37.388Z,Ruang Bayi 1 (NICU),30.7,86.6
2026-06-25T23:19:37.388Z,Ruang Bayi 1 (NICU),30.7,86.7
2026-06-25T23:19:37.388Z,Ruang Bayi 1 (NICU),30.7,86.7
2026-06-25T23:19:37.388Z,Ruang Bayi 1 (NICU),30.8,86.7
2026-06-25T23:19:37.388Z,Ruang Bayi 1 (NICU),30.7,86.6
2026-06-25T23:19:37.388Z,Ruang Bayi 1 (NICU),30.8,86.6
2026-06-25T23:19:37.388Z,Ruang Bayi 1 (NICU),30.8,86.6
2026-06-25T23:19:37.388Z,Ruang Bayi 1 (NICU),30.8,86.4
2026-06-25T23:19:37.388Z,Ruang Bayi 1 (NICU),30.8,86.6
2026-06-25T23:19:37.388Z,Ruang Bayi 1 (NICU),31.4,89.5
2026-06-25T23:19:37.388Z,Ruang Bayi 1 (NICU),30.8,86.6
2026-06-25T23:19:37.388Z,Ruang Bayi 1 (NICU),30.8,86.6
2026-06-25T23:19:37.388Z,Ruang Bayi 1 (NICU),30.8,86.6
2026-06-25T23:19:37.388Z,Ruang Bayi 1 (NICU),30.8,86.5
2026-06-25T23:19:37.388Z,Ruang Bayi 1 (NICU),30.8,86.6
2026-06-25T23:19:37.388Z,Ruang Bayi 1 (NICU),30.9,86.6
2026-06-25T23:19:37.388Z,Ruang Bayi 1 (NICU),30.9,86.6
2026-06-25T23:19:37.388Z,Ruang Bayi 1 (NICU),30.9,86.6
2026-06-25T23:19:37.388Z,Ruang Bayi 1 (NICU),30.9,86.6
2026-06-25T23:19:37.388Z,Ruang Bayi 1 (NICU),30.9,86.6
2026-06-25T23:19:37.388Z,Ruang Bayi 1 (NICU),30.9,86.6
2026-06-25T23:19:37.388Z,Ruang Bayi 1 (NICU),30.9,86.5
2026-06-25T23:19:37.388Z,Ruang Bayi 1 (NICU),30.9,86.5
2026-06-25T23:19:37.388Z,Ruang Bayi 1 (NICU),31,86.5
2026-06-25T23:19:37.388Z,Ruang Bayi 1 (NICU),31.4,100
2026-06-25T23:19:37.388Z,Ruang Bayi 1 (NICU),34.6,100
2026-06-25T23:19:37.388Z,Ruang Bayi 1 (NICU),34.5,100
2026-06-25T23:19:37.388Z,Ruang Bayi 1 (NICU),34.5,100
2026-06-25T23:19:37.388Z,Ruang Bayi 1 (NICU),34.4,100
2026-06-25T23:19:37.388Z,Ruang Bayi 1 (NICU),34.3,100
2026-06-25T23:19:37.388Z,Ruang Bayi 1 (NICU),34.2,100
2026-06-25T23:19:37.388Z,Ruang Bayi 1 (NICU),34.1,100
2026-06-25T23:19:37.388Z,Ruang Bayi 1 (NICU),34,100
2026-06-25T23:19:37.388Z,Ruang Bayi 1 (NICU),33.9,100
2026-06-25T23:19:37.388Z,Ruang Bayi 1 (NICU),33.9,100
2026-06-25T23:19:37.388Z,Ruang Bayi 1 (NICU),33.7,100
2026-06-25T23:19:37.388Z,Ruang Bayi 1 (NICU),33.2,100
2026-06-25T23:19:37.388Z,Ruang Bayi 1 (NICU),32.8,100
2026-06-25T23:19:37.388Z,Ruang Bayi 1 (NICU),32.6,100
2026-06-25T23:19:37.388Z,Ruang Bayi 1 (NICU),32.2,100
2026-06-25T23:19:37.388Z,Ruang Bayi 1 (NICU),34.6,100
2026-06-25T23:19:37.388Z,Ruang Bayi 1 (NICU),31.1,85.4
2026-06-25T23:19:37.388Z,Ruang Bayi 1 (NICU),31.1,85.3
2026-06-25T23:19:37.388Z,Ruang Bayi 1 (NICU),31.1,85.5
2026-06-25T23:19:37.388Z,Ruang Bayi 1 (NICU),31.1,86.1
2026-06-25T23:19:37.388Z,Ruang Bayi 1 (NICU),31.1,85.2
2026-06-25T23:19:37.388Z,Ruang Bayi 1 (NICU),31.1,85.4
2026-06-25T23:19:37.388Z,Ruang Bayi 1 (NICU),31,85.4
2026-06-25T23:19:37.388Z,Ruang Bayi 1 (NICU),31,85.4
2026-06-25T23:19:37.388Z,Ruang Bayi 1 (NICU),31,85.3
2026-06-25T23:19:37.388Z,Ruang Bayi 1 (NICU),31,85.5
2026-06-25T23:19:37.388Z,Ruang Bayi 1 (NICU),31.9,82
2026-06-25T23:19:37.388Z,Ruang Bayi 1 (NICU),32,81.8
2026-06-25T23:19:37.388Z,Ruang Bayi 1 (NICU),32,82.1
2026-06-25T23:19:37.388Z,Ruang Bayi 1 (NICU),30.7,83.2
2026-06-25T23:19:37.388Z,Ruang Bayi 1 (NICU),32.7,100
2026-06-25T23:19:37.388Z,Ruang Bayi 1 (NICU),31.4,90.5
2026-06-25T23:19:37.388Z,Ruang Bayi 1 (NICU),31.4,90.7
2026-06-25T23:19:37.388Z,Ruang Bayi 1 (NICU),31.5,90.8
2026-06-25T23:19:37.388Z,Ruang Bayi 1 (NICU),31.5,92.6
2026-06-25T23:19:37.388Z,Ruang Bayi 1 (NICU),31.6,92.6
2026-06-25T23:19:37.388Z,Ruang Bayi 1 (NICU),31.6,91.8
2026-06-25T23:19:37.388Z,Ruang Bayi 1 (NICU),31.7,95.6
2026-06-25T23:19:37.388Z,Ruang Bayi 1 (NICU),31.8,95.4
2026-06-25T23:19:37.388Z,Ruang Bayi 1 (NICU),31.9,95.1
2026-06-25T23:19:37.388Z,Ruang Bayi 1 (NICU),32,98.3
2026-06-25T23:19:37.388Z,Ruang Bayi 1 (NICU),32.1,99.2
2026-06-25T23:19:37.388Z,Ruang Bayi 1 (NICU),32.2,100
2026-06-25T23:19:37.388Z,Ruang Bayi 1 (NICU),32.3,100
2026-06-25T23:19:37.388Z,Ruang Bayi 1 (NICU),32.5,100
2026-06-25T23:19:37.388Z,Ruang Bayi 1 (NICU),30.7,86.7
2026-06-25T23:19:37.388Z,Ruang Bayi 1 (NICU),32.9,100
2026-06-25T23:19:37.388Z,Ruang Bayi 1 (NICU),33.2,100
2026-06-25T23:19:37.388Z,Ruang Bayi 1 (NICU),33.5,100
2026-06-25T23:19:37.388Z,Ruang Bayi 1 (NICU),33.7,100
2026-06-25T23:19:37.388Z,Ruang Bayi 1 (NICU),34.3,100
2026-06-25T23:19:37.388Z,Ruang Bayi 1 (NICU),34.9,100
2026-06-25T23:19:37.388Z,Ruang Bayi 1 (NICU),35.4,100
2026-06-25T23:19:37.388Z,Ruang Bayi 1 (NICU),35.3,100
2026-06-25T23:19:37.388Z,Ruang Bayi 1 (NICU),35.2,100
2026-06-25T23:19:37.388Z,Ruang Bayi 1 (NICU),35,100
2026-06-25T23:19:37.388Z,Ruang Bayi 1 (NICU),34.8,100
2026-06-25T23:19:37.388Z,Ruang Bayi 1 (NICU),34.8,100
2026-06-25T23:19:37.388Z,Ruang Bayi 1 (NICU),34.8,100
2026-06-25T23:19:37.388Z,Ruang Bayi 1 (NICU),34.7,100
2026-06-25T23:19:37.388Z,Ruang Bayi 1 (NICU),30.4,86.5
2026-06-25T23:19:37.388Z,Ruang Bayi 1 (NICU),30.5,86.4
2026-06-25T23:19:37.388Z,Ruang Bayi 1 (NICU),30.4,86.4
2026-06-25T23:19:37.388Z,Ruang Bayi 1 (NICU),30.5,86.4
2026-06-25T23:19:37.388Z,Ruang Bayi 1 (NICU),30.5,86.5
2026-06-25T23:19:37.388Z,Ruang Bayi 1 (NICU),30.4,86.5
2026-06-25T23:19:37.389Z,Ruang Bayi 1 (NICU),30.4,86.5
2026-06-25T23:19:37.389Z,Ruang Bayi 1 (NICU),30.5,86.5
2026-06-25T23:19:37.389Z,Ruang Bayi 1 (NICU),30.5,86.5
2026-06-25T23:19:37.389Z,Ruang Bayi 1 (NICU),30.5,86.5
2026-06-25T23:19:37.389Z,Ruang Bayi 1 (NICU),30.4,86.5
2026-06-25T23:19:37.389Z,Ruang Bayi 1 (NICU),30.4,86.5
2026-06-25T23:19:37.389Z,Ruang Bayi 1 (NICU),30.5,86.5
2026-06-25T23:19:37.389Z,Ruang Bayi 1 (NICU),30.5,86.5
2026-06-25T23:19:37.389Z,Ruang Bayi 1 (NICU),30.5,86.5
2026-06-25T23:19:37.389Z,Ruang Bayi 1 (NICU),30.4,86.5
2026-06-25T23:19:37.389Z,Ruang Bayi 1 (NICU),30.4,86.4
2026-06-25T23:19:37.389Z,Ruang Bayi 1 (NICU),30.5,86.5
2026-06-25T23:19:37.389Z,Ruang Bayi 1 (NICU),30.5,86.6
2026-06-25T23:19:37.389Z,Ruang Bayi 1 (NICU),30.5,86.5
2026-06-25T23:19:37.389Z,Ruang Bayi 1 (NICU),30.5,86.5
2026-06-25T23:19:37.389Z,Ruang Bayi 1 (NICU),30.5,86.5
2026-06-25T23:19:37.389Z,Ruang Bayi 1 (NICU),30.5,86.5
2026-06-25T23:19:37.389Z,Ruang Bayi 1 (NICU),30.5,86.5
2026-06-25T23:19:37.389Z,Ruang Bayi 1 (NICU),30.5,86.5
2026-06-25T23:19:37.389Z,Ruang Bayi 1 (NICU),30.5,86.5
2026-06-25T23:19:37.389Z,Ruang Bayi 1 (NICU),30.5,86.5
2026-06-25T23:19:37.389Z,Ruang Bayi 1 (NICU),30.5,86.5
2026-06-25T23:19:37.389Z,Ruang Bayi 1 (NICU),30.5,86.5
2026-06-25T23:19:37.389Z,Ruang Bayi 1 (NICU),30.5,86.5
2026-06-25T23:19:37.389Z,Ruang Bayi 1 (NICU),30.5,86.5
2026-06-25T23:19:37.389Z,Ruang Bayi 1 (NICU),30.4,86.4
2026-06-25T23:19:37.389Z,Ruang Bayi 1 (NICU),30.4,86.4
2026-06-25T23:19:37.389Z,Ruang Bayi 1 (NICU),30.4,86.4
2026-06-25T23:19:37.389Z,Ruang Bayi 1 (NICU),30.4,86.3
2026-06-25T23:19:37.389Z,Ruang Bayi 1 (NICU),30.4,86.4
2026-06-25T23:19:37.389Z,Ruang Bayi 1 (NICU),30.4,86.4
2026-06-25T23:19:37.389Z,Ruang Bayi 1 (NICU),30.4,86.4
2026-06-25T23:19:37.389Z,Ruang Bayi 1 (NICU),30.4,86.4
2026-06-25T23:19:37.389Z,Ruang Bayi 1 (NICU),30.4,86.4
2026-06-25T23:19:37.389Z,Ruang Bayi 1 (NICU),30.4,86.4
2026-06-25T23:19:37.389Z,Ruang Bayi 1 (NICU),30.4,86.4
2026-06-25T23:19:37.389Z,Ruang Bayi 1 (NICU),30.4,86.4
2026-06-25T23:19:37.389Z,Ruang Bayi 1 (NICU),30.4,86.4
2026-06-25T23:19:37.389Z,Ruang Bayi 1 (NICU),30.4,86.4
2026-06-25T23:19:37.389Z,Ruang Bayi 1 (NICU),30.4,86.4
2026-06-25T23:19:37.389Z,Ruang Bayi 1 (NICU),30.4,86.4
2026-06-25T23:19:37.389Z,Ruang Bayi 1 (NICU),30.5,86.5
2026-06-25T23:19:37.389Z,Ruang Bayi 1 (NICU),30.4,86.4
2026-06-25T23:19:37.389Z,Ruang Bayi 1 (NICU),30.4,86.4
2026-06-25T23:19:37.389Z,Ruang Bayi 1 (NICU),30.4,86.4
2026-06-25T23:19:37.389Z,Ruang Bayi 1 (NICU),30.4,86.4
2026-06-25T23:19:37.389Z,Ruang Bayi 1 (NICU),30.4,86.4
2026-06-25T23:19:37.389Z,Ruang Bayi 1 (NICU),30.4,86.4
2026-06-25T23:19:37.389Z,Ruang Bayi 1 (NICU),30.4,86.4
2026-06-25T23:19:37.389Z,Ruang Bayi 1 (NICU),30.4,86.4
2026-06-25T23:19:37.389Z,Ruang Bayi 1 (NICU),30.4,86.4
2026-06-25T23:19:37.389Z,Ruang Bayi 1 (NICU),30.4,86.4
2026-06-25T23:19:37.389Z,Ruang Bayi 1 (NICU),30.5,86.4
2026-06-25T23:19:37.389Z,Ruang Bayi 1 (NICU),30.4,86.5
2026-06-25T23:19:37.389Z,Ruang Bayi 1 (NICU),30.5,86.4
2026-06-25T23:19:37.389Z,Ruang Bayi 1 (NICU),30.4,86.4
2026-06-25T23:19:37.389Z,Ruang Bayi 1 (NICU),30.6,86.6
2026-06-25T23:19:37.389Z,Ruang Bayi 1 (NICU),30.6,86.6
2026-06-25T23:19:37.389Z,Ruang Bayi 1 (NICU),30.6,86.6
2026-06-25T23:19:37.389Z,Ruang Bayi 1 (NICU),30.6,86.8
2026-06-25T23:19:37.389Z,Ruang Bayi 1 (NICU),30.6,86.5
2026-06-25T23:19:37.389Z,Ruang Bayi 1 (NICU),30.6,86.6
2026-06-25T23:19:37.389Z,Ruang Bayi 1 (NICU),30.6,86.6
2026-06-25T23:19:37.389Z,Ruang Bayi 1 (NICU),30.6,86.6
2026-06-25T23:19:37.389Z,Ruang Bayi 1 (NICU),30.6,86.7
2026-06-25T23:19:37.389Z,Ruang Bayi 1 (NICU),30.6,86.6
2026-06-25T23:19:37.389Z,Ruang Bayi 1 (NICU),30.6,86.6
2026-06-25T23:19:37.389Z,Ruang Bayi 1 (NICU),30.6,86.6
2026-06-25T23:19:37.389Z,Ruang Bayi 1 (NICU),30.6,86.6
2026-06-25T23:19:37.389Z,Ruang Bayi 1 (NICU),30.6,86.6
2026-06-25T23:19:37.389Z,Ruang Bayi 1 (NICU),30.6,86.6
2026-06-25T23:19:37.389Z,Ruang Bayi 1 (NICU),30.6,86.6
2026-06-25T23:19:37.389Z,Ruang Bayi 1 (NICU),30.6,86.6
2026-06-25T23:19:37.389Z,Ruang Bayi 1 (NICU),30.6,86.6
2026-06-25T23:19:37.389Z,Ruang Bayi 1 (NICU),30.7,86.6
2026-06-25T23:19:37.389Z,Ruang Bayi 1 (NICU),30.7,86.6
2026-06-25T23:19:37.389Z,Ruang Bayi 1 (NICU),30.7,86.7
2026-06-25T23:19:37.389Z,Ruang Bayi 1 (NICU),30.7,86.6
2026-06-25T23:19:37.389Z,Ruang Bayi 1 (NICU),30.7,86.7
2026-06-25T23:19:37.389Z,Ruang Bayi 1 (NICU),30.7,86.6
2026-06-25T23:19:37.389Z,Ruang Bayi 1 (NICU),30.7,86.7
2026-06-25T23:19:37.389Z,Ruang Bayi 1 (NICU),30.7,86.7
2026-06-25T23:19:37.389Z,Ruang Bayi 1 (NICU),30.7,86.7
2026-06-25T23:19:37.389Z,Ruang Bayi 1 (NICU),30.7,86.7
2026-06-25T23:19:37.389Z,Ruang Bayi 1 (NICU),30.7,86.7
2026-06-25T23:19:37.389Z,Ruang Bayi 1 (NICU),30.7,86.7
2026-06-25T23:19:37.389Z,Ruang Bayi 1 (NICU),30.7,86.7
2026-06-25T23:19:37.389Z,Ruang Bayi 1 (NICU),30.5,86.6
2026-06-25T23:19:37.389Z,Ruang Bayi 1 (NICU),30.5,86.5
2026-06-25T23:19:37.389Z,Ruang Bayi 1 (NICU),30.5,86.5
2026-06-25T23:19:37.389Z,Ruang Bayi 1 (NICU),30.5,86.5
2026-06-25T23:19:37.389Z,Ruang Bayi 1 (NICU),30.5,86.6
2026-06-25T23:19:37.389Z,Ruang Bayi 1 (NICU),30.5,86.5
2026-06-25T23:19:37.389Z,Ruang Bayi 1 (NICU),30.5,86.5
2026-06-25T23:19:37.389Z,Ruang Bayi 1 (NICU),30.5,86.5
2026-06-25T23:19:37.389Z,Ruang Bayi 1 (NICU),30.5,86.5
2026-06-25T23:19:37.389Z,Ruang Bayi 1 (NICU),30.5,86.6
2026-06-25T23:19:37.389Z,Ruang Bayi 1 (NICU),30.5,86.6
2026-06-25T23:19:37.389Z,Ruang Bayi 1 (NICU),30.5,86.6
2026-06-25T23:19:37.389Z,Ruang Bayi 1 (NICU),30.5,86.6
2026-06-25T23:19:37.389Z,Ruang Bayi 1 (NICU),30.5,86.6
2026-06-25T23:19:37.389Z,Ruang Bayi 1 (NICU),30.5,86.6
2026-06-25T23:19:37.389Z,Ruang Bayi 1 (NICU),30.4,86.3
2026-06-25T23:19:37.389Z,Ruang Bayi 1 (NICU),30.5,86.8
2026-06-25T23:19:37.389Z,Ruang Bayi 1 (NICU),30.5,86.6
2026-06-25T23:19:37.389Z,Ruang Bayi 1 (NICU),30.5,86.5
2026-06-25T23:19:37.389Z,Ruang Bayi 1 (NICU),30.5,86.5
2026-06-25T23:19:37.389Z,Ruang Bayi 1 (NICU),30.5,86.5
2026-06-25T23:19:37.389Z,Ruang Bayi 1 (NICU),30.5,86.6
2026-06-25T23:19:37.390Z,Ruang Bayi 1 (NICU),30.5,86.6
2026-06-25T23:19:37.390Z,Ruang Bayi 1 (NICU),30.5,86.5
2026-06-25T23:19:37.390Z,Ruang Bayi 1 (NICU),30.5,86.6
2026-06-25T23:19:37.390Z,Ruang Bayi 1 (NICU),30.6,86.5
2026-06-25T23:19:37.390Z,Ruang Bayi 1 (NICU),30.5,86.6
2026-06-25T23:19:37.390Z,Ruang Bayi 1 (NICU),30.6,86.6
2026-06-25T23:19:37.390Z,Ruang Bayi 1 (NICU),30.6,86.5
2026-06-25T23:19:37.390Z,Ruang Bayi 1 (NICU),30.5,86.6
2026-06-25T23:19:37.390Z,Ruang Bayi 1 (NICU),30.2,83
2026-06-25T23:19:37.390Z,Ruang Bayi 1 (NICU),30.2,83.1
2026-06-25T23:19:37.390Z,Ruang Bayi 1 (NICU),30.2,83.1
2026-06-25T23:19:37.390Z,Ruang Bayi 1 (NICU),30.2,83.1
2026-06-25T23:19:37.390Z,Ruang Bayi 1 (NICU),30.2,83
2026-06-25T23:19:37.390Z,Ruang Bayi 1 (NICU),30.2,83
2026-06-25T23:19:37.390Z,Ruang Bayi 1 (NICU),30.2,83
2026-06-25T23:19:37.390Z,Ruang Bayi 1 (NICU),30.2,83.1
2026-06-25T23:19:37.390Z,Ruang Bayi 1 (NICU),30.2,83.1
2026-06-25T23:19:37.390Z,Ruang Bayi 1 (NICU),30.2,83.1
2026-06-25T23:19:37.390Z,Ruang Bayi 1 (NICU),30.2,83
2026-06-25T23:19:37.390Z,Ruang Bayi 1 (NICU),30.2,83
2026-06-25T23:19:37.390Z,Ruang Bayi 1 (NICU),30.3,83
2026-06-25T23:19:37.390Z,Ruang Bayi 1 (NICU),30.3,83
2026-06-25T23:19:37.390Z,Ruang Bayi 1 (NICU),30.2,83
2026-06-25T23:19:37.390Z,Ruang Bayi 1 (NICU),30.2,83.1
2026-06-25T23:19:37.390Z,Ruang Bayi 1 (NICU),30.2,83.2
2026-06-25T23:19:37.390Z,Ruang Bayi 1 (NICU),30.2,83
2026-06-25T23:19:37.390Z,Ruang Bayi 1 (NICU),30.2,83
2026-06-25T23:19:37.390Z,Ruang Bayi 1 (NICU),30.3,83.1
2026-06-25T23:19:37.390Z,Ruang Bayi 1 (NICU),30.3,83
2026-06-25T23:19:37.390Z,Ruang Bayi 1 (NICU),30.3,83.1
2026-06-25T23:19:37.390Z,Ruang Bayi 1 (NICU),30.3,83
2026-06-25T23:19:37.390Z,Ruang Bayi 1 (NICU),30.2,83
2026-06-25T23:19:37.390Z,Ruang Bayi 1 (NICU),30.3,83
2026-06-25T23:19:37.390Z,Ruang Bayi 1 (NICU),30.3,83
2026-06-25T23:19:37.390Z,Ruang Bayi 1 (NICU),30.2,83
2026-06-25T23:19:37.390Z,Ruang Bayi 1 (NICU),30.3,83
2026-06-25T23:19:37.390Z,Ruang Bayi 1 (NICU),30.3,83.1
2026-06-25T23:19:37.390Z,Ruang Bayi 1 (NICU),30.3,83
2026-06-25T23:19:37.390Z,Ruang Bayi 1 (NICU),30.3,83
2026-06-25T23:19:37.390Z,Ruang Bayi 1 (NICU),30.2,83
2026-06-25T23:19:37.390Z,Ruang Bayi 1 (NICU),30.2,82.8
2026-06-25T23:19:37.390Z,Ruang Bayi 1 (NICU),30.2,82.9
2026-06-25T23:19:37.390Z,Ruang Bayi 1 (NICU),30.2,82.8
2026-06-25T23:19:37.390Z,Ruang Bayi 1 (NICU),30.2,82.8
2026-06-25T23:19:37.390Z,Ruang Bayi 1 (NICU),30.2,82.9
2026-06-25T23:19:37.390Z,Ruang Bayi 1 (NICU),30.2,82.8
2026-06-25T23:19:37.390Z,Ruang Bayi 1 (NICU),30.2,82.8
2026-06-25T23:19:37.390Z,Ruang Bayi 1 (NICU),30.2,82.9
2026-06-25T23:19:37.390Z,Ruang Bayi 1 (NICU),30.2,82.9
2026-06-25T23:19:37.390Z,Ruang Bayi 1 (NICU),30.2,82.9
2026-06-25T23:19:37.390Z,Ruang Bayi 1 (NICU),30.2,83
2026-06-25T23:19:37.390Z,Ruang Bayi 1 (NICU),30.2,83
2026-06-25T23:19:37.390Z,Ruang Bayi 1 (NICU),30.2,83
2026-06-25T23:19:37.390Z,Ruang Bayi 1 (NICU),30.2,83
2026-06-25T23:19:37.390Z,Ruang Bayi 1 (NICU),30.2,83
2026-06-25T23:19:37.390Z,Ruang Bayi 1 (NICU),30.3,82.9
2026-06-25T23:19:37.390Z,Ruang Bayi 1 (NICU),30.2,83
2026-06-25T23:19:37.390Z,Ruang Bayi 1 (NICU),30.2,83
2026-06-25T23:19:37.390Z,Ruang Bayi 1 (NICU),30.2,83.1
2026-06-25T23:19:37.390Z,Ruang Bayi 1 (NICU),30.2,83.2
2026-06-25T23:19:37.390Z,Ruang Bayi 1 (NICU),30.2,83.2
2026-06-25T23:19:37.390Z,Ruang Bayi 1 (NICU),30.2,83.2
2026-06-25T23:19:37.390Z,Ruang Bayi 1 (NICU),30.2,83.3
2026-06-25T23:19:37.390Z,Ruang Bayi 1 (NICU),30.2,83.2
2026-06-25T23:19:37.390Z,Ruang Bayi 1 (NICU),30.2,83.3
2026-06-25T23:19:37.390Z,Ruang Bayi 1 (NICU),30.2,83.4
2026-06-25T23:19:37.390Z,Ruang Bayi 1 (NICU),30.2,83.5
2026-06-25T23:19:37.390Z,Ruang Bayi 1 (NICU),30.2,83.4
2026-06-25T23:19:37.390Z,Ruang Bayi 1 (NICU),30.2,83.3
2026-06-25T23:19:37.390Z,Ruang Bayi 1 (NICU),30.2,83.3
2026-06-25T23:19:37.390Z,Ruang Bayi 1 (NICU),30.4,83.1
2026-06-25T23:19:37.390Z,Ruang Bayi 1 (NICU),30.3,83.2
2026-06-25T23:19:37.390Z,Ruang Bayi 1 (NICU),30.3,83.1
2026-06-25T23:19:37.390Z,Ruang Bayi 1 (NICU),30.3,83.1
2026-06-25T23:19:37.390Z,Ruang Bayi 1 (NICU),30.3,83.1
2026-06-25T23:19:37.390Z,Ruang Bayi 1 (NICU),30.3,83.1
2026-06-25T23:19:37.390Z,Ruang Bayi 1 (NICU),30.3,83.1
2026-06-25T23:19:37.390Z,Ruang Bayi 1 (NICU),30.3,83.1
2026-06-25T23:19:37.390Z,Ruang Bayi 1 (NICU),30.3,83
2026-06-25T23:19:37.390Z,Ruang Bayi 1 (NICU),30.3,83.1
2026-06-25T23:19:37.390Z,Ruang Bayi 1 (NICU),30.3,83
2026-06-25T23:19:37.390Z,Ruang Bayi 1 (NICU),30.3,83.1
2026-06-25T23:19:37.390Z,Ruang Bayi 1 (NICU),30.3,83.1
2026-06-25T23:19:37.390Z,Ruang Bayi 1 (NICU),30.3,83.1
2026-06-25T23:19:37.390Z,Ruang Bayi 1 (NICU),30.4,83.1
2026-06-25T23:19:37.390Z,Ruang Bayi 1 (NICU),30.3,83.1
2026-06-25T23:19:37.390Z,Ruang Bayi 1 (NICU),30.3,83.2
2026-06-25T23:19:37.390Z,Ruang Bayi 1 (NICU),30.4,83.1
2026-06-25T23:19:37.390Z,Ruang Bayi 1 (NICU),30.4,83.1
2026-06-25T23:19:37.390Z,Ruang Bayi 1 (NICU),30.3,83.1
2026-06-25T23:19:37.390Z,Ruang Bayi 1 (NICU),30.4,83
2026-06-25T23:19:37.390Z,Ruang Bayi 1 (NICU),30.3,83
2026-06-25T23:19:37.390Z,Ruang Bayi 1 (NICU),30.4,83
2026-06-25T23:19:37.390Z,Ruang Bayi 1 (NICU),30.4,83
2026-06-25T23:19:37.390Z,Ruang Bayi 1 (NICU),30.4,83.1
2026-06-25T23:19:37.390Z,Ruang Bayi 1 (NICU),30.4,83
2026-06-25T23:19:37.390Z,Ruang Bayi 1 (NICU),30.4,83
2026-06-25T23:19:37.390Z,Ruang Bayi 1 (NICU),30.4,83.1
2026-06-25T23:19:37.390Z,Ruang Bayi 1 (NICU),30.4,83.1
2026-06-25T23:19:37.390Z,Ruang Bayi 1 (NICU),30.4,83.1
2026-06-25T23:19:37.390Z,Ruang Bayi 1 (NICU),30.4,83.1
2026-06-25T23:19:37.390Z,Ruang Bayi 1 (NICU),30.3,83.2
2026-06-25T23:19:37.390Z,Ruang Bayi 1 (NICU),30.3,83
2026-06-25T23:19:37.390Z,Ruang Bayi 1 (NICU),30.3,83
2026-06-25T23:19:37.390Z,Ruang Bayi 1 (NICU),30.3,83
2026-06-25T23:19:37.390Z,Ruang Bayi 1 (NICU),30.3,83.1
2026-06-25T23:19:37.390Z,Ruang Bayi 1 (NICU),30.3,83
2026-06-25T23:19:37.390Z,Ruang Bayi 1 (NICU),30.3,83
2026-06-25T23:19:37.391Z,Ruang Bayi 1 (NICU),30.3,83
2026-06-25T23:19:37.391Z,Ruang Bayi 1 (NICU),30.3,83
2026-06-25T23:19:37.391Z,Ruang Bayi 1 (NICU),30.3,83
2026-06-25T23:19:37.391Z,Ruang Bayi 1 (NICU),30.3,83.1
2026-06-25T23:19:37.391Z,Ruang Bayi 1 (NICU),30.3,83.1
2026-06-25T23:19:37.391Z,Ruang Bayi 1 (NICU),30.3,83.3
2026-06-25T23:19:37.391Z,Ruang Bayi 1 (NICU),30.3,83.2
2026-06-25T23:19:37.391Z,Ruang Bayi 1 (NICU),30.3,83.1
2026-06-25T23:19:37.391Z,Ruang Bayi 1 (NICU),30.2,82.7
2026-06-25T23:19:37.391Z,Ruang Bayi 1 (NICU),30.3,83.1
2026-06-25T23:19:37.391Z,Ruang Bayi 1 (NICU),30.3,83.1
2026-06-25T23:19:37.391Z,Ruang Bayi 1 (NICU),30.3,83
2026-06-25T23:19:37.391Z,Ruang Bayi 1 (NICU),30.3,83.1
2026-06-25T23:19:37.391Z,Ruang Bayi 1 (NICU),30.3,83.1
2026-06-25T23:19:37.391Z,Ruang Bayi 1 (NICU),30.3,83.1
2026-06-25T23:19:37.391Z,Ruang Bayi 1 (NICU),30.3,83.1
2026-06-25T23:19:37.391Z,Ruang Bayi 1 (NICU),30.3,83.1
2026-06-25T23:19:37.391Z,Ruang Bayi 1 (NICU),30.3,83.1
2026-06-25T23:19:37.391Z,Ruang Bayi 1 (NICU),30.3,83.3
2026-06-25T23:19:37.391Z,Ruang Bayi 1 (NICU),30.3,83.2
2026-06-25T23:19:37.391Z,Ruang Bayi 1 (NICU),30.3,83.1
2026-06-25T23:19:37.391Z,Ruang Bayi 1 (NICU),30.3,83.2
2026-06-25T23:19:37.391Z,Ruang Bayi 1 (NICU),30.3,83.2
2026-06-25T23:19:37.391Z,Ruang Bayi 1 (NICU),30.2,83.7
2026-06-25T23:19:37.391Z,Ruang Bayi 1 (NICU),30.3,85.2
2026-06-25T23:19:37.391Z,Ruang Bayi 1 (NICU),30.3,85.3
2026-06-25T23:19:37.391Z,Ruang Bayi 1 (NICU),30.2,85.4
2026-06-25T23:19:37.391Z,Ruang Bayi 1 (NICU),30.2,85.7
2026-06-25T23:19:37.391Z,Ruang Bayi 1 (NICU),30.2,85.2
2026-06-25T23:19:37.391Z,Ruang Bayi 1 (NICU),30.2,84.6
2026-06-25T23:19:37.391Z,Ruang Bayi 1 (NICU),30.2,84.4
2026-06-25T23:19:37.391Z,Ruang Bayi 1 (NICU),30.2,84.4
2026-06-25T23:19:37.391Z,Ruang Bayi 1 (NICU),30.2,84.4
2026-06-25T23:19:37.391Z,Ruang Bayi 1 (NICU),30.1,84.2
2026-06-25T23:19:37.391Z,Ruang Bayi 1 (NICU),30.1,83.9
2026-06-25T23:19:37.391Z,Ruang Bayi 1 (NICU),30.2,83.8
2026-06-25T23:19:37.391Z,Ruang Bayi 1 (NICU),30.2,83.8
2026-06-25T23:19:37.391Z,Ruang Bayi 1 (NICU),30.2,83.8
2026-06-25T23:19:37.391Z,Ruang Bayi 1 (NICU),30.2,83.8
2026-06-25T23:19:37.391Z,Ruang Bayi 1 (NICU),30.4,85.4
2026-06-25T23:19:37.391Z,Ruang Bayi 1 (NICU),30.2,83.8
2026-06-25T23:19:37.391Z,Ruang Bayi 1 (NICU),30.2,83.8
2026-06-25T23:19:37.391Z,Ruang Bayi 1 (NICU),30.2,83.8
2026-06-25T23:19:37.391Z,Ruang Bayi 1 (NICU),30.2,83.9
2026-06-25T23:19:37.391Z,Ruang Bayi 1 (NICU),30.2,84
2026-06-25T23:19:37.391Z,Ruang Bayi 1 (NICU),30.2,83.9
2026-06-25T23:19:37.391Z,Ruang Bayi 1 (NICU),30.2,83.9
2026-06-25T23:19:37.391Z,Ruang Bayi 1 (NICU),30.2,84.1
2026-06-25T23:19:37.391Z,Ruang Bayi 1 (NICU),30.2,84
2026-06-25T23:19:37.391Z,Ruang Bayi 1 (NICU),30.2,84
2026-06-25T23:19:37.391Z,Ruang Bayi 1 (NICU),30.2,84.1
2026-06-25T23:19:37.391Z,Ruang Bayi 1 (NICU),30.2,84.2
2026-06-25T23:19:37.391Z,Ruang Bayi 1 (NICU),29.3,84.1
2026-06-25T23:19:37.391Z,Ruang Bayi 1 (NICU),30.2,83.9
2026-06-25T23:19:37.391Z,Ruang Bayi 1 (NICU),30.7,83.3
2026-06-25T23:19:37.391Z,Ruang Bayi 1 (NICU),30.7,83.3
2026-06-25T23:19:37.391Z,Ruang Bayi 1 (NICU),30.7,83.3
2026-06-25T23:19:37.391Z,Ruang Bayi 1 (NICU),30.7,83.3
2026-06-25T23:19:37.391Z,Ruang Bayi 1 (NICU),30.7,83.2
2026-06-25T23:19:37.391Z,Ruang Bayi 1 (NICU),30.7,83.3
2026-06-25T23:19:37.391Z,Ruang Bayi 1 (NICU),30.7,83.1
2026-06-25T23:19:37.391Z,Ruang Bayi 1 (NICU),30.7,83.1
2026-06-25T23:19:37.391Z,Ruang Bayi 1 (NICU),30.6,82.6
2026-06-25T23:19:37.391Z,Ruang Bayi 1 (NICU),30.7,83.1
2026-06-25T23:19:37.391Z,Ruang Bayi 1 (NICU),30.7,83.2
2026-06-25T23:19:37.391Z,Ruang Bayi 1 (NICU),30.7,83.3
2026-06-25T23:19:37.391Z,Ruang Bayi 1 (NICU),30.7,83.1
2026-06-25T23:19:37.391Z,Ruang Bayi 1 (NICU),30.7,83.1
2026-06-25T23:19:37.391Z,Ruang Bayi 1 (NICU),30.7,83.1
2026-06-25T23:19:37.391Z,Ruang Bayi 1 (NICU),30.7,83.1
2026-06-25T23:19:37.391Z,Ruang Bayi 1 (NICU),30.2,83.7
2026-06-25T23:19:37.391Z,Ruang Bayi 1 (NICU),30.7,83.4
2026-06-25T23:19:37.391Z,Ruang Bayi 1 (NICU),30.7,83.3
2026-06-25T23:19:37.391Z,Ruang Bayi 1 (NICU),30.7,83.3
2026-06-25T23:19:37.391Z,Ruang Bayi 1 (NICU),30.7,83.2
2026-06-25T23:19:37.391Z,Ruang Bayi 1 (NICU),30.7,83.3
2026-06-25T23:19:37.391Z,Ruang Bayi 1 (NICU),30.7,83.3
2026-06-25T23:19:37.391Z,Ruang Bayi 1 (NICU),30.7,83.4
2026-06-25T23:19:37.391Z,Ruang Bayi 1 (NICU),30.7,83.5
2026-06-25T23:19:37.391Z,Ruang Bayi 1 (NICU),30.6,84.2
2026-06-25T23:19:37.391Z,Ruang Bayi 1 (NICU),30.6,84.2
2026-06-25T23:19:37.391Z,Ruang Bayi 1 (NICU),30.5,85
2026-06-25T23:19:37.391Z,Ruang Bayi 1 (NICU),30.5,84.3
2026-06-25T23:19:37.391Z,Ruang Bayi 1 (NICU),30.4,85
2026-06-25T23:19:37.391Z,Ruang Bayi 1 (NICU),30.4,85.5
2026-06-25T23:19:37.391Z,Ruang Bayi 1 (NICU),30.2,82.7
2026-06-25T23:19:37.391Z,Ruang Bayi 1 (NICU),30.2,83.3
2026-06-25T23:19:37.391Z,Ruang Bayi 1 (NICU),30.2,83.3
2026-06-25T23:19:37.391Z,Ruang Bayi 1 (NICU),30.2,83.3
2026-06-25T23:19:37.391Z,Ruang Bayi 1 (NICU),30.2,83.2
2026-06-25T23:19:37.391Z,Ruang Bayi 1 (NICU),30.1,83.3
2026-06-25T23:19:37.391Z,Ruang Bayi 1 (NICU),30.1,83.2
2026-06-25T23:19:37.391Z,Ruang Bayi 1 (NICU),30.1,83.3
2026-06-25T23:19:37.391Z,Ruang Bayi 1 (NICU),30.1,83.1
2026-06-25T23:19:37.391Z,Ruang Bayi 1 (NICU),30.1,83.2
2026-06-25T23:19:37.391Z,Ruang Bayi 1 (NICU),30.1,82.9
2026-06-25T23:19:37.391Z,Ruang Bayi 1 (NICU),30.1,82.8
2026-06-25T23:19:37.391Z,Ruang Bayi 1 (NICU),30.2,82.8
2026-06-25T23:19:37.391Z,Ruang Bayi 1 (NICU),30.2,82.7
2026-06-25T23:19:37.391Z,Ruang Bayi 1 (NICU),30.1,82.7
2026-06-25T23:19:37.391Z,Ruang Bayi 1 (NICU),30.2,82.7
2026-06-25T23:19:37.391Z,Ruang Bayi 1 (NICU),30.2,83.2
2026-06-25T23:19:37.391Z,Ruang Bayi 1 (NICU),30.2,82.7
2026-06-25T23:19:37.391Z,Ruang Bayi 1 (NICU),30.2,82.7
2026-06-25T23:19:37.391Z,Ruang Bayi 1 (NICU),30.2,82.7
2026-06-25T23:19:37.391Z,Ruang Bayi 1 (NICU),30.2,82.7
2026-06-25T23:19:37.391Z,Ruang Bayi 1 (NICU),30.2,82.7
2026-06-25T23:19:37.391Z,Ruang Bayi 1 (NICU),30.2,82.8
2026-06-25T23:19:37.392Z,Ruang Bayi 1 (NICU),30.2,82.8
2026-06-25T23:19:37.392Z,Ruang Bayi 1 (NICU),30.2,82.7
2026-06-25T23:19:37.392Z,Ruang Bayi 1 (NICU),30.2,82.7
2026-06-25T23:19:37.392Z,Ruang Bayi 1 (NICU),30.2,82.8
2026-06-25T23:19:37.392Z,Ruang Bayi 1 (NICU),30.2,82.8
2026-06-25T23:19:37.392Z,Ruang Bayi 1 (NICU),30.2,82.8
2026-06-25T23:19:37.392Z,Ruang Bayi 1 (NICU),30.2,82.7
2026-06-25T23:19:37.392Z,Ruang Bayi 1 (NICU),30.2,82.7
2026-06-25T23:19:37.392Z,Ruang Bayi 1 (NICU),30.2,83.3
2026-06-25T23:19:37.392Z,Ruang Bayi 1 (NICU),30.2,83.6
2026-06-25T23:19:37.392Z,Ruang Bayi 1 (NICU),30.2,83.6
2026-06-25T23:19:37.392Z,Ruang Bayi 1 (NICU),30.2,83.7
2026-06-25T23:19:37.392Z,Ruang Bayi 1 (NICU),30.2,83.7
2026-06-25T23:19:37.392Z,Ruang Bayi 1 (NICU),30.2,83.9
2026-06-25T23:19:37.392Z,Ruang Bayi 1 (NICU),30.2,83.7
2026-06-25T23:19:37.392Z,Ruang Bayi 1 (NICU),30.2,83.9
2026-06-25T23:19:37.392Z,Ruang Bayi 1 (NICU),30.2,83.8
2026-06-25T23:19:37.392Z,Ruang Bayi 1 (NICU),30.2,83.7
2026-06-25T23:19:37.392Z,Ruang Bayi 1 (NICU),30.2,83.5
2026-06-25T23:19:37.392Z,Ruang Bayi 1 (NICU),30.2,83.5
2026-06-25T23:19:37.392Z,Ruang Bayi 1 (NICU),30.2,83.6
2026-06-25T23:19:37.392Z,Ruang Bayi 1 (NICU),30.2,83.5
2026-06-25T23:19:37.392Z,Ruang Bayi 1 (NICU),30.2,83.3
2026-06-25T23:19:37.392Z,Ruang Bayi 1 (NICU),30.7,83.1
2026-06-25T23:19:37.392Z,Ruang Bayi 1 (NICU),30.2,83.3
2026-06-25T23:19:37.392Z,Ruang Bayi 1 (NICU),30.2,83.3
2026-06-25T23:19:37.392Z,Ruang Bayi 1 (NICU),30.2,83.3
2026-06-25T23:19:37.392Z,Ruang Bayi 1 (NICU),30.2,83.3
2026-06-25T23:19:37.392Z,Ruang Bayi 1 (NICU),30.2,83.3
2026-06-25T23:19:37.392Z,Ruang Bayi 1 (NICU),30.2,83.3
2026-06-25T23:19:37.392Z,Ruang Bayi 1 (NICU),30.2,83.2
2026-06-25T23:19:37.392Z,Ruang Bayi 1 (NICU),30.2,83.3
2026-06-25T23:19:37.392Z,Ruang Bayi 1 (NICU),30.2,83.5
2026-06-25T23:19:37.392Z,Ruang Bayi 1 (NICU),30.2,83.3
2026-06-25T23:19:37.392Z,Ruang Bayi 1 (NICU),30.2,83.4
2026-06-25T23:19:37.392Z,Ruang Bayi 1 (NICU),30.2,83.2
2026-06-25T23:19:37.392Z,Ruang Bayi 1 (NICU),30.2,83.3
2026-06-25T23:19:37.392Z,Ruang Bayi 1 (NICU),30.2,83.2
2026-06-25T23:19:37.392Z,Ruang Bayi 1 (NICU),30.6,84
2026-06-25T23:19:37.392Z,Ruang Bayi 1 (NICU),30.5,83.8
2026-06-25T23:19:37.392Z,Ruang Bayi 1 (NICU),30.5,83.8
2026-06-25T23:19:37.392Z,Ruang Bayi 1 (NICU),30.6,84.1
2026-06-25T23:19:37.392Z,Ruang Bayi 1 (NICU),30.6,84.2
2026-06-25T23:19:37.392Z,Ruang Bayi 1 (NICU),30.6,84.1
2026-06-25T23:19:37.392Z,Ruang Bayi 1 (NICU),30.6,84
2026-06-25T23:19:37.392Z,Ruang Bayi 1 (NICU),30.6,84
2026-06-25T23:19:37.392Z,Ruang Bayi 1 (NICU),30.6,84
2026-06-25T23:19:37.392Z,Ruang Bayi 1 (NICU),30.6,84
2026-06-25T23:19:37.392Z,Ruang Bayi 1 (NICU),30.5,84.1
2026-06-25T23:19:37.392Z,Ruang Bayi 1 (NICU),30.6,84.2
2026-06-25T23:19:37.392Z,Ruang Bayi 1 (NICU),30.6,84.1
2026-06-25T23:19:37.392Z,Ruang Bayi 1 (NICU),30.6,84.1
2026-06-25T23:19:37.392Z,Ruang Bayi 1 (NICU),30.6,84.1
2026-06-25T23:19:37.392Z,Ruang Bayi 1 (NICU),30.6,84
2026-06-25T23:19:37.392Z,Ruang Bayi 1 (NICU),30.5,83.7
2026-06-25T23:19:37.392Z,Ruang Bayi 1 (NICU),30.6,84.1
2026-06-25T23:19:37.392Z,Ruang Bayi 1 (NICU),30.6,84.2
2026-06-25T23:19:37.392Z,Ruang Bayi 1 (NICU),30.6,84.3
2026-06-25T23:19:37.392Z,Ruang Bayi 1 (NICU),30.6,84.3
2026-06-25T23:19:37.392Z,Ruang Bayi 1 (NICU),30.6,84.3
2026-06-25T23:19:37.392Z,Ruang Bayi 1 (NICU),30.6,84.5
2026-06-25T23:19:37.392Z,Ruang Bayi 1 (NICU),30.6,84.3
2026-06-25T23:19:37.392Z,Ruang Bayi 1 (NICU),30.6,84.4
2026-06-25T23:19:37.392Z,Ruang Bayi 1 (NICU),30.7,84.5
2026-06-25T23:19:37.392Z,Ruang Bayi 1 (NICU),30.7,84.4
2026-06-25T23:19:37.392Z,Ruang Bayi 1 (NICU),30.7,84.5
2026-06-25T23:19:37.392Z,Ruang Bayi 1 (NICU),30.7,84.5
2026-06-25T23:19:37.392Z,Ruang Bayi 1 (NICU),30.7,84.7
2026-06-25T23:19:37.392Z,Ruang Bayi 1 (NICU),30.7,84.7
2026-06-25T23:19:37.392Z,Ruang Bayi 1 (NICU),30.5,83.5
2026-06-25T23:19:37.392Z,Ruang Bayi 1 (NICU),30.5,83.1
2026-06-25T23:19:37.392Z,Ruang Bayi 1 (NICU),30.5,83.1
2026-06-25T23:19:37.392Z,Ruang Bayi 1 (NICU),30.5,83.1
2026-06-25T23:19:37.392Z,Ruang Bayi 1 (NICU),30.5,83.2
2026-06-25T23:19:37.392Z,Ruang Bayi 1 (NICU),30.5,83.3
2026-06-25T23:19:37.392Z,Ruang Bayi 1 (NICU),30.6,83.2
2026-06-25T23:19:37.392Z,Ruang Bayi 1 (NICU),30.6,83.2
2026-06-25T23:19:37.392Z,Ruang Bayi 1 (NICU),30.6,83.3
2026-06-25T23:19:37.392Z,Ruang Bayi 1 (NICU),30.6,83.3
2026-06-25T23:19:37.392Z,Ruang Bayi 1 (NICU),30.5,83.3
2026-06-25T23:19:37.392Z,Ruang Bayi 1 (NICU),30.6,83.3
2026-06-25T23:19:37.392Z,Ruang Bayi 1 (NICU),30.5,83.3
2026-06-25T23:19:37.392Z,Ruang Bayi 1 (NICU),30.5,83.4
2026-06-25T23:19:37.392Z,Ruang Bayi 1 (NICU),30.5,83.5
2026-06-25T23:19:37.392Z,Ruang Bayi 1 (NICU),30.5,83.5
2026-06-25T23:19:37.392Z,Ruang Bayi 1 (NICU),30.7,85
2026-06-25T23:19:37.392Z,Ruang Bayi 1 (NICU),30.5,83.5
2026-06-25T23:19:37.392Z,Ruang Bayi 1 (NICU),30.6,83.6
2026-06-25T23:19:37.392Z,Ruang Bayi 1 (NICU),30.5,83.5
2026-06-25T23:19:37.392Z,Ruang Bayi 1 (NICU),30.5,83.6
2026-06-25T23:19:37.392Z,Ruang Bayi 1 (NICU),30.5,83.5
2026-06-25T23:19:37.392Z,Ruang Bayi 1 (NICU),30.5,83.5
2026-06-25T23:19:37.392Z,Ruang Bayi 1 (NICU),30.5,83.7
2026-06-25T23:19:37.392Z,Ruang Bayi 1 (NICU),30.5,83.7
2026-06-25T23:19:37.392Z,Ruang Bayi 1 (NICU),30.5,83.7
2026-06-25T23:19:37.392Z,Ruang Bayi 1 (NICU),30.5,83.6
2026-06-25T23:19:37.392Z,Ruang Bayi 1 (NICU),30.5,83.8
2026-06-25T23:19:37.392Z,Ruang Bayi 1 (NICU),30.5,83.8
2026-06-25T23:19:37.392Z,Ruang Bayi 1 (NICU),30.6,83.7
2026-06-25T23:19:37.392Z,Ruang Bayi 1 (NICU),30.5,83.9
2026-06-25T23:19:37.392Z,Ruang Bayi 1 (NICU),30.7,82.8
2026-06-25T23:19:37.392Z,Ruang Bayi 1 (NICU),31.1,83.8
2026-06-25T23:19:37.392Z,Ruang Bayi 1 (NICU),31.1,84
2026-06-25T23:19:37.392Z,Ruang Bayi 1 (NICU),31.1,84.9
2026-06-25T23:19:37.392Z,Ruang Bayi 1 (NICU),31.1,87
2026-06-25T23:19:37.392Z,Ruang Bayi 1 (NICU),31.2,93.2
2026-06-25T23:19:37.392Z,Ruang Bayi 1 (NICU),31.2,85
2026-06-25T23:19:37.392Z,Ruang Bayi 1 (NICU),31.2,88
2026-06-25T23:19:37.392Z,Ruang Bayi 1 (NICU),31.2,87.6
2026-06-25T23:19:37.392Z,Ruang Bayi 1 (NICU),31.1,92.2
2026-06-25T23:19:37.392Z,Ruang Bayi 1 (NICU),31,94.3
2026-06-25T23:19:37.392Z,Ruang Bayi 1 (NICU),30.9,85.5
2026-06-25T23:19:37.393Z,Ruang Bayi 1 (NICU),30.9,88.1
2026-06-25T23:19:37.393Z,Ruang Bayi 1 (NICU),30.8,88.2
2026-06-25T23:19:37.393Z,Ruang Bayi 1 (NICU),30.8,99.2
2026-06-25T23:19:37.393Z,Ruang Bayi 1 (NICU),30.7,83.8
2026-06-25T23:19:37.393Z,Ruang Bayi 1 (NICU),31.1,96.1
2026-06-25T23:19:37.393Z,Ruang Bayi 1 (NICU),30.7,82.8
2026-06-25T23:19:37.393Z,Ruang Bayi 1 (NICU),30.7,82.9
2026-06-25T23:19:37.393Z,Ruang Bayi 1 (NICU),30.7,82.8
2026-06-25T23:19:37.393Z,Ruang Bayi 1 (NICU),30.7,82.8
2026-06-25T23:19:37.393Z,Ruang Bayi 1 (NICU),30.7,82.8
2026-06-25T23:19:37.393Z,Ruang Bayi 1 (NICU),30.7,82.8
2026-06-25T23:19:37.393Z,Ruang Bayi 1 (NICU),30.7,82.8
2026-06-25T23:19:37.393Z,Ruang Bayi 1 (NICU),30.6,82.8
2026-06-25T23:19:37.393Z,Ruang Bayi 1 (NICU),30.6,82.9
2026-06-25T23:19:37.393Z,Ruang Bayi 1 (NICU),30.6,83
2026-06-25T23:19:37.393Z,Ruang Bayi 1 (NICU),30.6,83
2026-06-25T23:19:37.393Z,Ruang Bayi 1 (NICU),30.7,83
2026-06-25T23:19:37.393Z,Ruang Bayi 1 (NICU),30.6,83
2026-06-25T23:19:37.393Z,Ruang Bayi 1 (NICU),30.6,83
2026-06-25T23:19:37.393Z,Ruang Bayi 1 (NICU),30.8,100
2026-06-25T23:19:37.393Z,Ruang Bayi 1 (NICU),30.7,85.1
2026-06-25T23:19:37.393Z,Ruang Bayi 1 (NICU),30.7,85.1
2026-06-25T23:19:37.393Z,Ruang Bayi 1 (NICU),30.7,85.3
2026-06-25T23:19:37.393Z,Ruang Bayi 1 (NICU),30.7,85.7
2026-06-25T23:19:37.393Z,Ruang Bayi 1 (NICU),30.7,85.7
2026-06-25T23:19:37.393Z,Ruang Bayi 1 (NICU),30.8,86
2026-06-25T23:19:37.393Z,Ruang Bayi 1 (NICU),30.8,86.4
2026-06-25T23:19:37.393Z,Ruang Bayi 1 (NICU),30.8,86.3
2026-06-25T23:19:37.393Z,Ruang Bayi 1 (NICU),30.8,86.9
2026-06-25T23:19:37.393Z,Ruang Bayi 1 (NICU),30.8,87.7
2026-06-25T23:19:37.393Z,Ruang Bayi 1 (NICU),30.8,88.6
2026-06-25T23:19:37.393Z,Ruang Bayi 1 (NICU),30.8,90.4
2026-06-25T23:19:37.393Z,Ruang Bayi 1 (NICU),30.9,92.7
2026-06-25T23:19:37.393Z,Ruang Bayi 1 (NICU),30.9,98.5
2026-06-25T23:19:37.393Z,Ruang Bayi 1 (NICU),30.4,83.2
2026-06-25T23:19:37.393Z,Ruang Bayi 1 (NICU),30.9,100
2026-06-25T23:19:37.393Z,Ruang Bayi 1 (NICU),31,100
2026-06-25T23:19:37.393Z,Ruang Bayi 1 (NICU),31.2,100
2026-06-25T23:19:37.393Z,Ruang Bayi 1 (NICU),31.5,100
2026-06-25T23:19:37.393Z,Ruang Bayi 1 (NICU),31.7,100
2026-06-25T23:19:37.393Z,Ruang Bayi 1 (NICU),32.1,100
2026-06-25T23:19:37.393Z,Ruang Bayi 1 (NICU),32.4,100
2026-06-25T23:19:37.393Z,Ruang Bayi 1 (NICU),32.8,100
2026-06-25T23:19:37.393Z,Ruang Bayi 1 (NICU),33.1,100
2026-06-25T23:19:37.393Z,Ruang Bayi 1 (NICU),33.3,100
2026-06-25T23:19:37.393Z,Ruang Bayi 1 (NICU),33.3,100
2026-06-25T23:19:37.393Z,Ruang Bayi 1 (NICU),33.1,100
2026-06-25T23:19:37.393Z,Ruang Bayi 1 (NICU),31,87.5
2026-06-25T23:19:37.393Z,Ruang Bayi 1 (NICU),31,86.9
2026-06-25T23:19:37.393Z,Ruang Bayi 1 (NICU),30.6,82.7
2026-06-25T23:19:37.393Z,Ruang Bayi 1 (NICU),30.5,82.8
2026-06-25T23:19:37.393Z,Ruang Bayi 1 (NICU),30.5,82.9
2026-06-25T23:19:37.393Z,Ruang Bayi 1 (NICU),30.5,82.9
2026-06-25T23:19:37.393Z,Ruang Bayi 1 (NICU),30.5,82.8
2026-06-25T23:19:37.393Z,Ruang Bayi 1 (NICU),30.5,82.8
2026-06-25T23:19:37.393Z,Ruang Bayi 1 (NICU),30.5,82.9
2026-06-25T23:19:37.393Z,Ruang Bayi 1 (NICU),30.5,82.7
2026-06-25T23:19:37.393Z,Ruang Bayi 1 (NICU),30.5,82.8
2026-06-25T23:19:37.393Z,Ruang Bayi 1 (NICU),30.5,82.7
2026-06-25T23:19:37.393Z,Ruang Bayi 1 (NICU),30.5,82.6
2026-06-25T23:19:37.393Z,Ruang Bayi 1 (NICU),30.5,82.6
2026-06-25T23:19:37.393Z,Ruang Bayi 1 (NICU),30.5,82.6
2026-06-25T23:19:37.393Z,Ruang Bayi 1 (NICU),30.5,82.6
2026-06-25T23:19:37.393Z,Ruang Bayi 1 (NICU),30.6,82.7
2026-06-25T23:19:37.393Z,Ruang Bayi 1 (NICU),30.6,82.8
2026-06-25T23:19:37.393Z,Ruang Bayi 1 (NICU),30.5,82.9
2026-06-25T23:19:37.393Z,Ruang Bayi 1 (NICU),30.6,82.8
2026-06-25T23:19:37.393Z,Ruang Bayi 1 (NICU),30.6,82.8
2026-06-25T23:19:37.393Z,Ruang Bayi 1 (NICU),30.5,82.9
2026-06-25T23:19:37.393Z,Ruang Bayi 1 (NICU),30.5,83.4
2026-06-25T23:19:37.393Z,Ruang Bayi 1 (NICU),30.5,84.4
2026-06-25T23:19:37.393Z,Ruang Bayi 1 (NICU),30.4,85
2026-06-25T23:19:37.393Z,Ruang Bayi 1 (NICU),30.4,82.9
2026-06-25T23:19:37.393Z,Ruang Bayi 1 (NICU),30.4,82.8
2026-06-25T23:19:37.393Z,Ruang Bayi 1 (NICU),30.4,82.8
2026-06-25T23:19:37.393Z,Ruang Bayi 1 (NICU),30.4,82.8
2026-06-25T23:19:37.393Z,Ruang Bayi 1 (NICU),30.4,82.8
2026-06-25T23:19:37.393Z,Ruang Bayi 1 (NICU),30.4,82.8
2026-06-25T23:19:37.393Z,Ruang Bayi 1 (NICU),30.4,82.8
2026-06-25T23:19:37.393Z,Ruang Bayi 1 (NICU),30.4,82.8
2026-06-25T23:19:37.393Z,Ruang Bayi 1 (NICU),30.4,82.9
2026-06-25T23:19:37.393Z,Ruang Bayi 1 (NICU),30.4,83.1
2026-06-25T23:19:37.393Z,Ruang Bayi 1 (NICU),30.4,83.1
2026-06-25T23:19:37.393Z,Ruang Bayi 1 (NICU),30.4,83.2
2026-06-25T23:19:37.393Z,Ruang Bayi 1 (NICU),30.4,83
2026-06-25T23:19:37.393Z,Ruang Bayi 1 (NICU),30.4,82.9
2026-06-25T23:19:37.393Z,Ruang Bayi 1 (NICU),30.4,83
2026-06-25T23:19:37.393Z,Ruang Bayi 1 (NICU),30.4,82.8
2026-06-25T23:19:37.393Z,Ruang Bayi 1 (NICU),30.4,82.8
2026-06-25T23:19:37.393Z,Ruang Bayi 1 (NICU),30.4,83
2026-06-25T23:19:37.393Z,Ruang Bayi 1 (NICU),30.4,82.9
2026-06-25T23:19:37.393Z,Ruang Bayi 1 (NICU),30.4,83
2026-06-25T23:19:37.393Z,Ruang Bayi 1 (NICU),30.4,83
2026-06-25T23:19:37.393Z,Ruang Bayi 1 (NICU),30.4,83.1
2026-06-25T23:19:37.393Z,Ruang Bayi 1 (NICU),30.4,83
2026-06-25T23:19:37.393Z,Ruang Bayi 1 (NICU),30.5,83.1
2026-06-25T23:19:37.393Z,Ruang Bayi 1 (NICU),30.4,83
2026-06-25T23:19:37.393Z,Ruang Bayi 1 (NICU),30.4,83
2026-06-25T23:19:37.393Z,Ruang Bayi 1 (NICU),30.4,83
2026-06-25T23:19:37.393Z,Ruang Bayi 1 (NICU),30.4,82.9
2026-06-25T23:19:37.393Z,Ruang Bayi 1 (NICU),30.4,82.9
2026-06-25T23:19:37.393Z,Ruang Bayi 1 (NICU),30.4,82.9
2026-06-25T23:19:37.393Z,Ruang Bayi 1 (NICU),30.4,82.7
2026-06-25T23:19:37.393Z,Ruang Bayi 1 (NICU),30.4,82.7
2026-06-25T23:19:37.393Z,Ruang Bayi 1 (NICU),30.5,82.7
2026-06-25T23:19:37.393Z,Ruang Bayi 1 (NICU),30.4,82.8
2026-06-25T23:19:37.393Z,Ruang Bayi 1 (NICU),30.5,82.8
2026-06-25T23:19:37.393Z,Ruang Bayi 1 (NICU),30.5,82.9
2026-06-25T23:19:37.393Z,Ruang Bayi 1 (NICU),30.5,82.8
2026-06-25T23:19:37.393Z,Ruang Bayi 1 (NICU),30.5,82.9
2026-06-25T23:19:37.393Z,Ruang Bayi 1 (NICU),30.5,83
2026-06-25T23:19:37.394Z,Ruang Bayi 1 (NICU),30.4,83.2
2026-06-25T23:19:37.394Z,Ruang Bayi 1 (NICU),30.4,83.2
2026-06-25T23:19:37.394Z,Ruang Bayi 1 (NICU),30.4,83.1
2026-06-25T23:19:37.394Z,Ruang Bayi 1 (NICU),30.4,83.2
2026-06-25T23:19:37.394Z,Ruang Bayi 1 (NICU),30.4,83.1
2026-06-25T23:19:37.394Z,Ruang Bayi 1 (NICU),30.4,83.1
2026-06-25T23:19:37.394Z,Ruang Bayi 1 (NICU),30.4,83.2
2026-06-25T23:19:37.394Z,Ruang Bayi 1 (NICU),30.4,83.2
2026-06-25T23:19:37.394Z,Ruang Bayi 1 (NICU),30.5,83.2
2026-06-25T23:19:37.394Z,Ruang Bayi 1 (NICU),30.4,83.2
2026-06-25T23:19:37.394Z,Ruang Bayi 1 (NICU),30.4,83.1
2026-06-25T23:19:37.394Z,Ruang Bayi 1 (NICU),30.5,83
2026-06-25T23:19:37.394Z,Ruang Bayi 1 (NICU),30.5,83
2026-06-25T23:19:37.394Z,Ruang Bayi 1 (NICU),30.5,83
2026-06-25T23:19:37.394Z,Ruang Bayi 1 (NICU),30.5,83
2026-06-25T23:19:37.394Z,Ruang Bayi 1 (NICU),30.4,82.9
2026-06-25T23:19:37.394Z,Ruang Bayi 1 (NICU),30.5,83
2026-06-25T23:19:37.394Z,Ruang Bayi 1 (NICU),30.5,83
2026-06-25T23:19:37.394Z,Ruang Bayi 1 (NICU),30.5,83
2026-06-25T23:19:37.394Z,Ruang Bayi 1 (NICU),30.5,83
2026-06-25T23:19:37.394Z,Ruang Bayi 1 (NICU),30.5,83
2026-06-25T23:19:37.394Z,Ruang Bayi 1 (NICU),30.5,83
2026-06-25T23:19:37.394Z,Ruang Bayi 1 (NICU),30.5,83
2026-06-25T23:19:37.394Z,Ruang Bayi 1 (NICU),30.5,83
2026-06-25T23:19:37.394Z,Ruang Bayi 1 (NICU),30.5,83
2026-06-25T23:19:37.394Z,Ruang Bayi 1 (NICU),30.5,83
2026-06-25T23:19:37.394Z,Ruang Bayi 1 (NICU),30.5,83
2026-06-25T23:19:37.394Z,Ruang Bayi 1 (NICU),30.5,83
2026-06-25T23:19:37.394Z,Ruang Bayi 1 (NICU),30.5,82.9
2026-06-25T23:19:37.394Z,Ruang Bayi 1 (NICU),30.5,83.1
2026-06-25T23:19:37.394Z,Ruang Bayi 1 (NICU),30.4,83.1
2026-06-25T23:19:37.394Z,Ruang Bayi 1 (NICU),30.4,83
2026-06-25T23:19:37.394Z,Ruang Bayi 1 (NICU),30.4,82.9
2026-06-25T23:19:37.394Z,Ruang Bayi 1 (NICU),30.4,82.9
2026-06-25T23:19:37.394Z,Ruang Bayi 1 (NICU),30.4,82.9
2026-06-25T23:19:37.406Z,Ruang Bayi 1 (NICU),30.4,82.9
2026-06-25T23:19:37.406Z,Ruang Bayi 1 (NICU),30.4,83
2026-06-25T23:19:37.406Z,Ruang Bayi 1 (NICU),30.4,83
2026-06-25T23:19:37.406Z,Ruang Bayi 1 (NICU),30.4,83
2026-06-25T23:19:37.406Z,Ruang Bayi 1 (NICU),30.4,83
2026-06-25T23:19:37.406Z,Ruang Bayi 1 (NICU),30.4,83
2026-06-25T23:19:37.406Z,Ruang Bayi 1 (NICU),30.4,83
2026-06-25T23:19:37.406Z,Ruang Bayi 1 (NICU),30.4,83
2026-06-25T23:19:37.406Z,Ruang Bayi 1 (NICU),30.4,83
2026-06-25T23:19:37.406Z,Ruang Bayi 1 (NICU),30.4,83
2026-06-25T23:19:37.406Z,Ruang Bayi 1 (NICU),30.4,82.9
2026-06-25T23:19:37.406Z,Ruang Bayi 1 (NICU),30.4,83.1
2026-06-25T23:19:37.406Z,Ruang Bayi 1 (NICU),30.4,83.1
2026-06-25T23:19:37.406Z,Ruang Bayi 1 (NICU),30.4,83.1
2026-06-25T23:19:37.406Z,Ruang Bayi 1 (NICU),30.4,83.1
2026-06-25T23:19:37.406Z,Ruang Bayi 1 (NICU),30.4,83
2026-06-25T23:19:37.406Z,Ruang Bayi 1 (NICU),30.4,83.1
2026-06-25T23:19:37.406Z,Ruang Bayi 1 (NICU),30.4,83
2026-06-25T23:19:37.406Z,Ruang Bayi 1 (NICU),30.4,83
2026-06-25T23:19:37.406Z,Ruang Bayi 1 (NICU),30.4,82.9
2026-06-25T23:19:37.406Z,Ruang Bayi 1 (NICU),30.4,83
2026-06-25T23:19:37.406Z,Ruang Bayi 1 (NICU),30.4,83
2026-06-25T23:19:37.406Z,Ruang Bayi 1 (NICU),30.4,83.1
2026-06-25T23:19:37.406Z,Ruang Bayi 1 (NICU),30.4,83.1
2026-06-25T23:19:37.406Z,Ruang Bayi 1 (NICU),30.4,83
2026-06-04T19:40:38.532Z,Ruang Bayi 1 (NICU),31,75.4
2026-06-04T19:40:48.531Z,Ruang Bayi 1 (NICU),31,75.3
2026-06-04T19:40:58.619Z,Ruang Bayi 1 (NICU),31,75.1
2026-06-04T19:41:08.592Z,Ruang Bayi 1 (NICU),31,75.4
2026-06-04T19:41:18.581Z,Ruang Bayi 1 (NICU),31,75.3
2026-06-04T19:41:28.643Z,Ruang Bayi 1 (NICU),30.7,75.1
2026-06-04T19:41:38.524Z,Ruang Bayi 1 (NICU),31.1,75
2026-06-04T19:41:48.517Z,Ruang Bayi 1 (NICU),31,75.2
2026-06-04T19:43:58.779Z,Ruang Bayi 1 (NICU),31,75
2026-06-04T19:44:08.669Z,Ruang Bayi 1 (NICU),31,75
2026-06-04T19:44:18.716Z,Ruang Bayi 1 (NICU),31,75
2026-06-04T19:44:28.662Z,Ruang Bayi 1 (NICU),31,75.2
2026-06-04T19:44:38.683Z,Ruang Bayi 1 (NICU),31,75.1
2026-06-04T19:44:48.699Z,Ruang Bayi 1 (NICU),31,74.9
2026-06-04T19:44:58.689Z,Ruang Bayi 1 (NICU),31,74.8
2026-06-04T19:45:08.672Z,Ruang Bayi 1 (NICU),31,74.8
2026-06-04T19:45:18.673Z,Ruang Bayi 1 (NICU),31,74.6
2026-06-04T19:45:28.699Z,Ruang Bayi 1 (NICU),31.1,74.9
2026-06-04T19:45:38.708Z,Ruang Bayi 1 (NICU),31,74.8
2026-06-04T19:45:48.715Z,Ruang Bayi 1 (NICU),31,75
2026-06-04T19:46:02.145Z,Ruang Bayi 1 (NICU),31,75
2026-06-04T19:46:08.786Z,Ruang Bayi 1 (NICU),31,74.9
2026-06-04T19:46:18.705Z,Ruang Bayi 1 (NICU),31,74.8
2026-06-04T19:46:28.663Z,Ruang Bayi 1 (NICU),31.1,74.8
2026-06-04T19:46:41.847Z,Ruang Bayi 1 (NICU),31.1,74.6
2026-06-04T19:46:48.685Z,Ruang Bayi 1 (NICU),31,75.1
2026-06-04T19:47:01.971Z,Ruang Bayi 1 (NICU),31,75.1
2026-06-04T19:47:08.709Z,Ruang Bayi 1 (NICU),31,74.7
2026-06-04T19:47:18.769Z,Ruang Bayi 1 (NICU),31,74.6
2026-06-04T19:49:44.373Z,Ruang Bayi 1 (NICU),31.1,76.1
2026-06-04T19:49:53.951Z,Ruang Bayi 1 (NICU),31.1,75.5
2026-06-04T19:50:03.972Z,Ruang Bayi 1 (NICU),31.1,75.3
2026-06-04T19:50:13.950Z,Ruang Bayi 1 (NICU),31.1,75.1
2026-06-04T19:50:23.944Z,Ruang Bayi 1 (NICU),31.1,75.1
2026-06-04T19:50:33.939Z,Ruang Bayi 1 (NICU),31.1,75.1
2026-06-04T19:50:43.953Z,Ruang Bayi 1 (NICU),31.1,75.1
2026-06-04T19:50:53.988Z,Ruang Bayi 1 (NICU),31.1,75.1
2026-06-04T19:51:03.947Z,Ruang Bayi 1 (NICU),31.1,75.1
2026-06-04T19:51:13.961Z,Ruang Bayi 1 (NICU),31.1,75
2026-06-04T19:51:23.952Z,Ruang Bayi 1 (NICU),31.1,75
2026-06-04T19:51:33.952Z,Ruang Bayi 1 (NICU),31.1,75.1
2026-06-04T19:51:43.930Z,Ruang Bayi 1 (NICU),31.1,75
2026-06-04T19:51:53.944Z,Ruang Bayi 1 (NICU),31.1,75
2026-06-04T19:52:03.932Z,Ruang Bayi 1 (NICU),31.1,75.1
2026-06-04T19:52:13.946Z,Ruang Bayi 1 (NICU),31.1,75
2026-06-04T19:52:23.942Z,Ruang Bayi 1 (NICU),31,75
2026-06-04T19:52:33.944Z,Ruang Bayi 1 (NICU),31,75
2026-06-04T19:52:43.942Z,Ruang Bayi 1 (NICU),31,75
2026-06-04T19:52:54.191Z,Ruang Bayi 1 (NICU),31,75
2026-06-04T19:53:03.953Z,Ruang Bayi 1 (NICU),31,75
2026-06-04T19:53:13.953Z,Ruang Bayi 1 (NICU),31,75
2026-06-04T19:53:23.921Z,Ruang Bayi 1 (NICU),31,75
2026-06-04T19:53:33.929Z,Ruang Bayi 1 (NICU),31,75
2026-06-04T19:53:43.923Z,Ruang Bayi 1 (NICU),31,75.1
2026-06-04T19:53:54.038Z,Ruang Bayi 1 (NICU),31,75
2026-06-04T19:54:03.951Z,Ruang Bayi 1 (NICU),31,75
2026-06-04T19:54:14.319Z,Ruang Bayi 1 (NICU),31,75.1
2026-06-04T19:54:23.944Z,Ruang Bayi 1 (NICU),31,75.1
2026-06-04T19:54:33.933Z,Ruang Bayi 1 (NICU),31,75.1
2026-06-04T19:54:44.002Z,Ruang Bayi 1 (NICU),31,75.1
2026-06-04T19:54:53.932Z,Ruang Bayi 1 (NICU),31,75.1
2026-06-04T19:55:03.930Z,Ruang Bayi 1 (NICU),31,75.1
2026-06-04T19:55:13.964Z,Ruang Bayi 1 (NICU),31,75.1
2026-06-04T19:55:23.999Z,Ruang Bayi 1 (NICU),31,75.2
2026-06-04T19:55:33.980Z,Ruang Bayi 1 (NICU),31,75.2
2026-06-04T19:55:43.922Z,Ruang Bayi 1 (NICU),31,75.2
2026-06-04T19:55:53.935Z,Ruang Bayi 1 (NICU),31,75.2
2026-06-04T19:56:03.935Z,Ruang Bayi 1 (NICU),31,75.2
2026-06-04T19:56:13.939Z,Ruang Bayi 1 (NICU),31,75.3
2026-06-04T19:56:23.919Z,Ruang Bayi 1 (NICU),31,75.3
2026-06-04T19:56:33.933Z,Ruang Bayi 1 (NICU),30.9,75.3
2026-06-04T19:56:43.919Z,Ruang Bayi 1 (NICU),30.9,75.3
2026-06-04T19:56:53.945Z,Ruang Bayi 1 (NICU),30.9,75.3
2026-06-04T19:57:03.950Z,Ruang Bayi 1 (NICU),31,75.4
2026-06-04T19:57:13.925Z,Ruang Bayi 1 (NICU),30.9,75.4
2026-06-04T19:57:23.967Z,Ruang Bayi 1 (NICU),30.9,75.4
2026-06-04T19:57:33.915Z,Ruang Bayi 1 (NICU),30.9,75.4
2026-06-04T19:57:44.028Z,Ruang Bayi 1 (NICU),30.9,75.4
2026-06-04T19:57:53.941Z,Ruang Bayi 1 (NICU),30.9,75.4
2026-06-04T19:58:03.927Z,Ruang Bayi 1 (NICU),30.9,75.5
2026-06-04T19:58:13.932Z,Ruang Bayi 1 (NICU),30.9,75.5
2026-06-04T19:58:23.928Z,Ruang Bayi 1 (NICU),30.9,75.5
2026-06-04T19:58:34.030Z,Ruang Bayi 1 (NICU),30.9,75.5
2026-06-04T19:58:44.038Z,Ruang Bayi 1 (NICU),30.9,75.5
2026-06-04T19:58:53.999Z,Ruang Bayi 1 (NICU),30.9,75.6
2026-06-04T19:59:03.936Z,Ruang Bayi 1 (NICU),30.9,75.5
2026-06-04T19:59:13.924Z,Ruang Bayi 1 (NICU),30.9,75.5
2026-06-04T19:59:23.939Z,Ruang Bayi 1 (NICU),30.9,75.5
2026-06-04T19:59:33.975Z,Ruang Bayi 1 (NICU),30.9,75.5
2026-06-04T19:59:44.000Z,Ruang Bayi 1 (NICU),30.9,75.6
2026-06-04T19:59:54.008Z,Ruang Bayi 1 (NICU),30.9,75.6
2026-06-04T20:00:03.919Z,Ruang Bayi 1 (NICU),30.9,75.6
2026-06-04T20:00:13.942Z,Ruang Bayi 1 (NICU),30.9,75.5
2026-06-04T20:00:23.950Z,Ruang Bayi 1 (NICU),30.9,75.6
2026-06-04T20:00:33.923Z,Ruang Bayi 1 (NICU),30.9,75.5
2026-06-04T20:00:43.928Z,Ruang Bayi 1 (NICU),30.9,75.6
2026-06-04T20:00:53.937Z,Ruang Bayi 1 (NICU),30.9,75.6
2026-06-04T20:01:03.943Z,Ruang Bayi 1 (NICU),30.9,75.6
2026-06-04T20:01:13.948Z,Ruang Bayi 1 (NICU),30.9,75.6
2026-06-04T20:01:23.995Z,Ruang Bayi 1 (NICU),30.9,75.6
2026-06-04T20:01:33.919Z,Ruang Bayi 1 (NICU),30.9,75.6
2026-06-04T20:01:43.969Z,Ruang Bayi 1 (NICU),30.9,75.6
2026-06-04T20:01:53.934Z,Ruang Bayi 1 (NICU),30.9,75.7
2026-06-04T20:02:04.204Z,Ruang Bayi 1 (NICU),30.9,75.7
2026-06-04T20:02:13.942Z,Ruang Bayi 1 (NICU),30.9,75.7
2026-06-04T20:02:23.956Z,Ruang Bayi 1 (NICU),30.9,75.7
2026-06-04T20:02:33.982Z,Ruang Bayi 1 (NICU),30.9,75.7
2026-06-04T20:02:43.924Z,Ruang Bayi 1 (NICU),30.9,75.7
2026-06-04T20:02:54.117Z,Ruang Bayi 1 (NICU),30.9,75.7
2026-06-04T20:03:03.918Z,Ruang Bayi 1 (NICU),30.9,75.7
2026-06-04T20:03:13.923Z,Ruang Bayi 1 (NICU),30.9,75.7
2026-06-04T20:03:24.039Z,Ruang Bayi 1 (NICU),30.9,75.7
2026-06-04T20:03:33.977Z,Ruang Bayi 1 (NICU),30.9,75.7
2026-06-04T20:03:43.943Z,Ruang Bayi 1 (NICU),30.9,75.7
2026-06-04T20:03:54.040Z,Ruang Bayi 1 (NICU),30.9,75.7
2026-06-04T20:04:03.926Z,Ruang Bayi 1 (NICU),30.9,75.7
2026-06-04T20:04:13.944Z,Ruang Bayi 1 (NICU),30.9,75.7
2026-06-04T20:04:24.111Z,Ruang Bayi 1 (NICU),30.9,75.7
2026-06-04T20:04:33.933Z,Ruang Bayi 1 (NICU),30.9,75.6
2026-06-04T20:04:44.016Z,Ruang Bayi 1 (NICU),30.9,75.7
2026-06-04T20:04:53.926Z,Ruang Bayi 1 (NICU),30.9,75.7
2026-06-04T20:05:03.921Z,Ruang Bayi 1 (NICU),30.9,75.7
2026-06-04T20:05:13.940Z,Ruang Bayi 1 (NICU),30.9,75.7
2026-06-04T20:05:23.938Z,Ruang Bayi 1 (NICU),30.9,75.7
2026-06-04T20:05:33.946Z,Ruang Bayi 1 (NICU),30.9,75.7
2026-06-04T20:05:43.995Z,Ruang Bayi 1 (NICU),30.9,75.7
2026-06-04T20:05:53.925Z,Ruang Bayi 1 (NICU),30.9,75.7
2026-06-04T20:06:04.081Z,Ruang Bayi 1 (NICU),30.9,75.7
2026-06-04T20:06:13.924Z,Ruang Bayi 1 (NICU),30.9,75.7
2026-06-04T20:06:23.999Z,Ruang Bayi 1 (NICU),30.9,75.7
2026-06-04T20:06:33.926Z,Ruang Bayi 1 (NICU),30.9,75.7
2026-06-04T20:06:43.942Z,Ruang Bayi 1 (NICU),30.9,75.7
2026-06-04T20:06:53.943Z,Ruang Bayi 1 (NICU),30.9,75.7
2026-06-04T20:07:03.920Z,Ruang Bayi 1 (NICU),30.9,75.8
2026-06-04T20:07:13.949Z,Ruang Bayi 1 (NICU),30.9,75.8
2026-06-04T20:07:23.931Z,Ruang Bayi 1 (NICU),30.9,75.8
2026-06-04T20:07:33.930Z,Ruang Bayi 1 (NICU),30.9,75.7
2026-06-04T20:07:44.007Z,Ruang Bayi 1 (NICU),30.9,75.7
2026-06-04T20:07:53.946Z,Ruang Bayi 1 (NICU),30.9,75.7
2026-06-04T20:08:03.920Z,Ruang Bayi 1 (NICU),30.9,75.7
2026-06-04T20:08:13.965Z,Ruang Bayi 1 (NICU),30.9,75.7
2026-06-04T20:08:24.131Z,Ruang Bayi 1 (NICU),30.9,75.7
2026-06-04T20:08:33.937Z,Ruang Bayi 1 (NICU),30.9,75.7
2026-06-04T20:08:44.068Z,Ruang Bayi 1 (NICU),30.9,75.7
2026-06-04T20:08:53.919Z,Ruang Bayi 1 (NICU),30.9,75.7
2026-06-04T20:09:03.929Z,Ruang Bayi 1 (NICU),30.9,75.8
2026-06-04T20:09:13.923Z,Ruang Bayi 1 (NICU),30.9,75.7
2026-06-04T20:09:23.926Z,Ruang Bayi 1 (NICU),30.9,75.7
2026-06-04T20:11:34.274Z,Ruang Bayi 1 (NICU),30.9,75.7
2026-06-04T20:11:44.065Z,Ruang Bayi 1 (NICU),30.9,75.7
2026-06-04T20:11:54.070Z,Ruang Bayi 1 (NICU),30.9,75.7
2026-06-04T20:12:04.063Z,Ruang Bayi 1 (NICU),30.9,75.7
2026-06-04T20:12:14.079Z,Ruang Bayi 1 (NICU),30.9,75.7
2026-06-04T20:12:24.083Z,Ruang Bayi 1 (NICU),30.9,75.7
2026-06-04T20:12:34.079Z,Ruang Bayi 1 (NICU),30.9,75.7
2026-06-04T20:12:44.106Z,Ruang Bayi 1 (NICU),30.9,75.7
2026-06-04T20:12:54.067Z,Ruang Bayi 1 (NICU),30.9,75.7
2026-06-04T20:13:04.082Z,Ruang Bayi 1 (NICU),30.9,75.8
2026-06-04T20:13:14.074Z,Ruang Bayi 1 (NICU),30.9,75.7
2026-06-04T20:13:24.066Z,Ruang Bayi 1 (NICU),30.9,75.7
2026-06-04T20:13:34.055Z,Ruang Bayi 1 (NICU),30.9,75.7
2026-06-04T20:13:44.135Z,Ruang Bayi 1 (NICU),30.9,75.7
2026-06-04T20:13:54.059Z,Ruang Bayi 1 (NICU),30.9,75.7
2026-06-04T20:14:04.074Z,Ruang Bayi 1 (NICU),30.9,75.6
2026-06-04T20:14:14.069Z,Ruang Bayi 1 (NICU),30.9,75.7
2026-06-04T20:14:24.061Z,Ruang Bayi 1 (NICU),30.9,75.7
2026-06-04T20:14:34.175Z,Ruang Bayi 1 (NICU),30.9,75.7
2026-06-04T20:14:44.069Z,Ruang Bayi 1 (NICU),30.9,75.7
2026-06-04T20:14:54.160Z,Ruang Bayi 1 (NICU),30.9,75.7
2026-06-04T20:15:04.070Z,Ruang Bayi 1 (NICU),30.9,75.7
2026-06-04T20:15:14.075Z,Ruang Bayi 1 (NICU),30.9,75.7
2026-06-04T20:15:24.233Z,Ruang Bayi 1 (NICU),30.9,75.7
2026-06-04T20:15:34.196Z,Ruang Bayi 1 (NICU),30.9,75.7
2026-06-04T20:15:44.057Z,Ruang Bayi 1 (NICU),30.9,75.7
2026-06-04T20:15:54.114Z,Ruang Bayi 1 (NICU),30.9,75.7
2026-06-04T20:16:04.072Z,Ruang Bayi 1 (NICU),30.9,75.7
2026-06-04T20:16:14.064Z,Ruang Bayi 1 (NICU),30.9,75.7
2026-06-04T20:16:24.070Z,Ruang Bayi 1 (NICU),30.9,75.7
2026-06-04T20:16:34.062Z,Ruang Bayi 1 (NICU),30.9,75.7
2026-06-04T20:16:44.079Z,Ruang Bayi 1 (NICU),30.9,75.6
2026-06-04T20:16:54.074Z,Ruang Bayi 1 (NICU),30.9,75.7
2026-06-04T20:17:04.072Z,Ruang Bayi 1 (NICU),30.9,75.6
2026-06-04T20:17:14.075Z,Ruang Bayi 1 (NICU),30.9,75.7
2026-06-04T20:17:24.079Z,Ruang Bayi 1 (NICU),30.9,75.7
2026-06-04T20:19:34.391Z,Ruang Bayi 1 (NICU),30.9,75.7
2026-06-04T20:19:44.239Z,Ruang Bayi 1 (NICU),30.9,75.7
2026-06-04T20:19:54.220Z,Ruang Bayi 1 (NICU),30.9,75.6
2026-06-04T20:20:04.243Z,Ruang Bayi 1 (NICU),30.9,75.7
2026-06-04T20:20:14.221Z,Ruang Bayi 1 (NICU),30.9,75.7
2026-06-04T20:20:24.228Z,Ruang Bayi 1 (NICU),30.9,75.7
2026-06-04T20:20:34.230Z,Ruang Bayi 1 (NICU),30.9,75.6
2026-06-04T20:20:44.229Z,Ruang Bayi 1 (NICU),30.9,75.6
2026-06-04T20:20:54.224Z,Ruang Bayi 1 (NICU),30.9,75.7
2026-06-04T20:23:04.528Z,Ruang Bayi 1 (NICU),31,75.6
2026-06-04T20:23:14.376Z,Ruang Bayi 1 (NICU),30.9,75.6
2026-06-04T20:23:24.394Z,Ruang Bayi 1 (NICU),30.9,75.6
2026-06-04T20:23:34.364Z,Ruang Bayi 1 (NICU),30.9,75.6
2026-06-04T20:23:44.374Z,Ruang Bayi 1 (NICU),31,75.6
2026-06-04T20:23:54.389Z,Ruang Bayi 1 (NICU),30.9,75.6
2026-06-04T20:24:04.488Z,Ruang Bayi 1 (NICU),30.9,75.6
2026-06-04T20:24:14.371Z,Ruang Bayi 1 (NICU),30.9,75.6
2026-06-04T20:24:24.390Z,Ruang Bayi 1 (NICU),30.9,75.5
2026-06-04T20:24:34.370Z,Ruang Bayi 1 (NICU),30.9,75.5
2026-06-04T20:24:44.390Z,Ruang Bayi 1 (NICU),30.9,75.6
2026-06-04T20:24:54.363Z,Ruang Bayi 1 (NICU),31,75.6
2026-06-04T20:25:04.381Z,Ruang Bayi 1 (NICU),31,75.5
2026-06-04T20:25:14.397Z,Ruang Bayi 1 (NICU),31,75.6
2026-06-04T20:27:24.715Z,Ruang Bayi 1 (NICU),31,75.6
2026-06-04T20:27:34.546Z,Ruang Bayi 1 (NICU),31,75.6
2026-06-04T20:27:44.522Z,Ruang Bayi 1 (NICU),30.9,75.5
2026-06-04T20:27:54.517Z,Ruang Bayi 1 (NICU),30.9,75.5
2026-06-04T20:28:04.530Z,Ruang Bayi 1 (NICU),31,75.4
2026-06-04T20:28:14.519Z,Ruang Bayi 1 (NICU),31,75.5
2026-06-04T20:28:24.519Z,Ruang Bayi 1 (NICU),31,75.5
2026-06-04T20:28:34.503Z,Ruang Bayi 1 (NICU),31,75.4
2026-06-04T20:28:44.842Z,Ruang Bayi 1 (NICU),31,75.4
2026-06-04T20:28:54.512Z,Ruang Bayi 1 (NICU),31,75.5
2026-06-04T20:29:04.515Z,Ruang Bayi 1 (NICU),31,75.5
2026-06-04T20:29:14.534Z,Ruang Bayi 1 (NICU),31,75.5
2026-06-04T20:29:24.528Z,Ruang Bayi 1 (NICU),31,75.5
2026-06-04T20:29:34.554Z,Ruang Bayi 1 (NICU),31,75.4
2026-06-04T20:29:44.527Z,Ruang Bayi 1 (NICU),31,75.5
2026-06-04T20:29:54.517Z,Ruang Bayi 1 (NICU),31,75.5
2026-06-04T20:30:04.568Z,Ruang Bayi 1 (NICU),31,75.3
2026-06-04T20:30:14.520Z,Ruang Bayi 1 (NICU),31,75.4
2026-06-04T20:30:24.500Z,Ruang Bayi 1 (NICU),31,75.4
2026-06-04T20:30:34.526Z,Ruang Bayi 1 (NICU),31,75.4
2026-06-04T20:30:44.509Z,Ruang Bayi 1 (NICU),31,75.4
2026-06-04T20:30:54.530Z,Ruang Bayi 1 (NICU),31,75.4
2026-06-04T20:31:04.532Z,Ruang Bayi 1 (NICU),31,75.5
2026-06-04T20:31:14.510Z,Ruang Bayi 1 (NICU),31,75.5
2026-06-04T20:31:24.683Z,Ruang Bayi 1 (NICU),31,75.4
2026-06-04T20:31:34.553Z,Ruang Bayi 1 (NICU),31,75.4
2026-06-04T20:31:44.544Z,Ruang Bayi 1 (NICU),31,75.4
2026-06-04T20:31:54.519Z,Ruang Bayi 1 (NICU),31,75.4
2026-06-04T20:32:04.514Z,Ruang Bayi 1 (NICU),31,75.4
2026-06-04T20:32:14.573Z,Ruang Bayi 1 (NICU),31,75.5
2026-06-04T20:32:24.517Z,Ruang Bayi 1 (NICU),31,75.4
2026-06-04T20:32:34.574Z,Ruang Bayi 1 (NICU),31,75.5
2026-06-04T20:34:44.832Z,Ruang Bayi 1 (NICU),31,75.5
2026-06-04T20:34:54.694Z,Ruang Bayi 1 (NICU),31,75.4
2026-06-04T20:35:04.652Z,Ruang Bayi 1 (NICU),31,75.4
2026-06-04T20:35:14.674Z,Ruang Bayi 1 (NICU),31,75.4
2026-06-04T20:35:24.683Z,Ruang Bayi 1 (NICU),31,75.3
2026-06-04T20:35:34.665Z,Ruang Bayi 1 (NICU),31,75.3
2026-06-04T20:35:44.679Z,Ruang Bayi 1 (NICU),31,75.3
2026-06-04T20:35:54.656Z,Ruang Bayi 1 (NICU),31,75.3
2026-06-04T20:36:04.736Z,Ruang Bayi 1 (NICU),31,75.3
2026-06-04T20:36:14.659Z,Ruang Bayi 1 (NICU),31,75.3
2026-06-04T20:36:24.672Z,Ruang Bayi 1 (NICU),31,75.3
2026-06-04T20:36:34.682Z,Ruang Bayi 1 (NICU),31,75.4
2026-06-04T20:36:44.666Z,Ruang Bayi 1 (NICU),31,75.5
2026-06-04T20:36:54.696Z,Ruang Bayi 1 (NICU),31,75.4
2026-06-04T20:37:04.883Z,Ruang Bayi 1 (NICU),31,75.4
2026-06-04T20:37:14.674Z,Ruang Bayi 1 (NICU),31,75.4
2026-06-04T20:37:24.696Z,Ruang Bayi 1 (NICU),31,75.4
2026-06-04T20:37:34.659Z,Ruang Bayi 1 (NICU),31,75.4
2026-06-04T20:37:44.664Z,Ruang Bayi 1 (NICU),31,75.4
2026-06-04T20:37:54.670Z,Ruang Bayi 1 (NICU),31,75.4
2026-06-04T20:38:04.662Z,Ruang Bayi 1 (NICU),31,75.3
2026-06-04T20:38:14.648Z,Ruang Bayi 1 (NICU),31,75.3
2026-06-04T20:38:24.662Z,Ruang Bayi 1 (NICU),31,75.3
2026-06-04T20:38:34.667Z,Ruang Bayi 1 (NICU),31,75.3
2026-06-04T20:38:44.663Z,Ruang Bayi 1 (NICU),31,75.2
2026-06-04T20:38:54.675Z,Ruang Bayi 1 (NICU),31,75.3
2026-06-04T20:39:04.702Z,Ruang Bayi 1 (NICU),31,75.3
2026-06-04T20:39:14.665Z,Ruang Bayi 1 (NICU),31,75.3
2026-06-04T20:39:24.665Z,Ruang Bayi 1 (NICU),31,75.3
2026-06-04T20:39:34.667Z,Ruang Bayi 1 (NICU),31,75.3
2026-06-04T20:39:44.663Z,Ruang Bayi 1 (NICU),31,75.3
2026-06-04T20:39:54.653Z,Ruang Bayi 1 (NICU),31,75.3
2026-06-04T20:40:04.669Z,Ruang Bayi 1 (NICU),31,75.3
2026-06-04T20:40:14.703Z,Ruang Bayi 1 (NICU),31,75.3
2026-06-04T20:40:24.651Z,Ruang Bayi 1 (NICU),31,75.3
2026-06-04T20:40:34.965Z,Ruang Bayi 1 (NICU),31,75.3
2026-06-04T20:40:44.670Z,Ruang Bayi 1 (NICU),31,75.3
2026-06-04T20:40:54.682Z,Ruang Bayi 1 (NICU),31,75.2
2026-06-04T20:41:04.661Z,Ruang Bayi 1 (NICU),31,75.2
2026-06-04T20:41:14.909Z,Ruang Bayi 1 (NICU),31,75.2
2026-06-04T20:41:24.686Z,Ruang Bayi 1 (NICU),31,75.2
2026-06-04T20:41:34.653Z,Ruang Bayi 1 (NICU),31,75.2
2026-06-04T20:41:44.654Z,Ruang Bayi 1 (NICU),31,75.2
2026-06-04T20:41:54.661Z,Ruang Bayi 1 (NICU),31,75.2
2026-06-04T20:42:04.653Z,Ruang Bayi 1 (NICU),31,75.2
2026-06-04T20:42:14.696Z,Ruang Bayi 1 (NICU),31,75.2
2026-06-04T20:42:24.665Z,Ruang Bayi 1 (NICU),31,75.3
2026-06-04T20:42:34.659Z,Ruang Bayi 1 (NICU),31,75.3
2026-06-04T20:42:44.673Z,Ruang Bayi 1 (NICU),31,75.2
2026-06-04T20:42:54.958Z,Ruang Bayi 1 (NICU),31,75.3
2026-06-04T20:43:04.656Z,Ruang Bayi 1 (NICU),31,75.2
2026-06-04T20:43:14.642Z,Ruang Bayi 1 (NICU),31,75.2
2026-06-04T20:43:24.695Z,Ruang Bayi 1 (NICU),31,75.2
2026-06-04T20:43:34.695Z,Ruang Bayi 1 (NICU),31,75.1
2026-06-04T20:43:44.666Z,Ruang Bayi 1 (NICU),31,75.2
2026-06-04T20:43:54.721Z,Ruang Bayi 1 (NICU),31,75.1
2026-06-04T20:44:04.658Z,Ruang Bayi 1 (NICU),31,75.1
2026-06-04T20:44:14.672Z,Ruang Bayi 1 (NICU),31,75.2
2026-06-04T20:44:24.659Z,Ruang Bayi 1 (NICU),31,75.2
2026-06-04T20:44:34.659Z,Ruang Bayi 1 (NICU),31,75.2
2026-06-04T20:44:44.738Z,Ruang Bayi 1 (NICU),31,75.2
2026-06-04T20:44:54.663Z,Ruang Bayi 1 (NICU),31,75.2
2026-06-04T20:45:04.864Z,Ruang Bayi 1 (NICU),31,75.2
2026-06-04T20:45:14.657Z,Ruang Bayi 1 (NICU),31,75.2
2026-06-04T20:45:24.662Z,Ruang Bayi 1 (NICU),31,75.2
2026-06-04T20:45:34.703Z,Ruang Bayi 1 (NICU),31,75.1
2026-06-04T20:45:44.659Z,Ruang Bayi 1 (NICU),31,75.1
2026-06-04T20:45:54.665Z,Ruang Bayi 1 (NICU),31,75.1
2026-06-04T20:46:05.125Z,Ruang Bayi 1 (NICU),31,75.2
2026-06-04T20:46:14.652Z,Ruang Bayi 1 (NICU),31,75.1
2026-06-04T20:46:24.656Z,Ruang Bayi 1 (NICU),31,75.1
2026-06-04T20:46:34.743Z,Ruang Bayi 1 (NICU),31,75.1
2026-06-04T20:46:44.648Z,Ruang Bayi 1 (NICU),31,75.1
2026-06-04T20:46:54.709Z,Ruang Bayi 1 (NICU),31,75.1
2026-06-04T20:47:04.674Z,Ruang Bayi 1 (NICU),31,75.1
2026-06-04T20:47:14.659Z,Ruang Bayi 1 (NICU),31,75.1
2026-06-04T20:47:24.666Z,Ruang Bayi 1 (NICU),31,75.1
2026-06-04T20:47:34.674Z,Ruang Bayi 1 (NICU),31,75.1
2026-06-04T20:47:44.713Z,Ruang Bayi 1 (NICU),31,75.1
2026-06-04T20:47:54.681Z,Ruang Bayi 1 (NICU),31,75.2
2026-06-04T20:48:04.666Z,Ruang Bayi 1 (NICU),31,75.2
2026-06-04T20:48:14.803Z,Ruang Bayi 1 (NICU),31,75.1
2026-06-04T20:48:24.652Z,Ruang Bayi 1 (NICU),31,75.1
2026-06-04T20:48:34.655Z,Ruang Bayi 1 (NICU),31,75.2
2026-06-04T20:48:44.651Z,Ruang Bayi 1 (NICU),31,75.2
2026-06-04T20:48:54.678Z,Ruang Bayi 1 (NICU),31,75.2
2026-06-04T20:49:04.664Z,Ruang Bayi 1 (NICU),31,75.2
2026-06-04T20:49:14.672Z,Ruang Bayi 1 (NICU),31,75
2026-06-04T20:49:24.670Z,Ruang Bayi 1 (NICU),31,75.1
2026-06-04T20:49:34.652Z,Ruang Bayi 1 (NICU),31,75.2
2026-06-04T20:49:44.776Z,Ruang Bayi 1 (NICU),31,75.1
2026-06-04T20:49:54.805Z,Ruang Bayi 1 (NICU),31,75.1
2026-06-04T20:50:04.672Z,Ruang Bayi 1 (NICU),31,75.2
2026-06-04T20:50:14.649Z,Ruang Bayi 1 (NICU),31,75.2
2026-06-04T20:50:24.673Z,Ruang Bayi 1 (NICU),31,75.2
2026-06-04T20:50:34.704Z,Ruang Bayi 1 (NICU),31,75.1
2026-06-04T20:50:44.652Z,Ruang Bayi 1 (NICU),31,75.1
2026-06-04T20:50:54.665Z,Ruang Bayi 1 (NICU),31,75.1
2026-06-04T20:51:04.677Z,Ruang Bayi 1 (NICU),31,75
2026-06-04T20:51:14.667Z,Ruang Bayi 1 (NICU),31,75.1
2026-06-04T20:51:24.649Z,Ruang Bayi 1 (NICU),31,75.1
2026-06-04T20:51:34.666Z,Ruang Bayi 1 (NICU),31,75.1
2026-06-04T20:51:44.717Z,Ruang Bayi 1 (NICU),31,75.1
2026-06-04T20:51:54.662Z,Ruang Bayi 1 (NICU),31,75.1
2026-06-04T20:52:04.686Z,Ruang Bayi 1 (NICU),31,75.1
2026-06-04T20:52:14.647Z,Ruang Bayi 1 (NICU),31,75.1
2026-06-04T20:52:24.723Z,Ruang Bayi 1 (NICU),31,75.1
2026-06-04T20:52:34.657Z,Ruang Bayi 1 (NICU),31,75.1
2026-06-04T20:52:44.639Z,Ruang Bayi 1 (NICU),31,75.1
2026-06-04T20:52:54.657Z,Ruang Bayi 1 (NICU),31,75.1
2026-06-04T20:53:04.662Z,Ruang Bayi 1 (NICU),31,75.1
2026-06-04T20:53:14.844Z,Ruang Bayi 1 (NICU),31,75
2026-06-04T20:53:24.654Z,Ruang Bayi 1 (NICU),31,75.1
2026-06-04T20:53:34.645Z,Ruang Bayi 1 (NICU),31,75.2
2026-06-04T20:53:44.673Z,Ruang Bayi 1 (NICU),31,75.2
2026-06-04T20:53:54.658Z,Ruang Bayi 1 (NICU),31,75.2
2026-06-04T20:54:04.685Z,Ruang Bayi 1 (NICU),31,75.1
2026-06-04T20:54:14.684Z,Ruang Bayi 1 (NICU),31,75.2
2026-06-04T20:54:24.637Z,Ruang Bayi 1 (NICU),31,75.1
2026-06-04T20:54:34.648Z,Ruang Bayi 1 (NICU),31,75.1
2026-06-04T20:54:44.644Z,Ruang Bayi 1 (NICU),31,75.1
2026-06-04T20:54:54.634Z,Ruang Bayi 1 (NICU),31,75.1
2026-06-04T20:55:04.704Z,Ruang Bayi 1 (NICU),31,75.1
2026-06-04T20:55:14.864Z,Ruang Bayi 1 (NICU),31,75.1
2026-06-04T20:55:24.639Z,Ruang Bayi 1 (NICU),31,75.1
2026-06-04T20:55:34.642Z,Ruang Bayi 1 (NICU),31,75.1
2026-06-04T20:55:44.643Z,Ruang Bayi 1 (NICU),31,75.1
2026-06-04T20:55:54.785Z,Ruang Bayi 1 (NICU),31,75.1
2026-06-04T20:56:04.641Z,Ruang Bayi 1 (NICU),31,75.1
2026-06-04T20:56:14.637Z,Ruang Bayi 1 (NICU),31,75.1
2026-06-04T20:58:24.843Z,Ruang Bayi 1 (NICU),31,75.1
2026-06-04T20:58:34.861Z,Ruang Bayi 1 (NICU),31,75.2
2026-06-04T20:58:44.869Z,Ruang Bayi 1 (NICU),31,75.1
2026-06-04T20:58:54.836Z,Ruang Bayi 1 (NICU),31,75.1
2026-06-04T20:59:04.849Z,Ruang Bayi 1 (NICU),31,75.2
2026-06-04T20:59:14.818Z,Ruang Bayi 1 (NICU),31,75.2
2026-06-04T20:59:24.824Z,Ruang Bayi 1 (NICU),31,75.1
2026-06-04T20:59:34.941Z,Ruang Bayi 1 (NICU),31,75.2
2026-06-04T20:59:44.815Z,Ruang Bayi 1 (NICU),31.1,75.2
2026-06-04T20:59:54.878Z,Ruang Bayi 1 (NICU),31.1,75.2
2026-06-04T21:00:04.828Z,Ruang Bayi 1 (NICU),31,75.2
2026-06-04T21:00:14.837Z,Ruang Bayi 1 (NICU),31,75.1
2026-06-04T21:00:24.831Z,Ruang Bayi 1 (NICU),31,75.1
2026-06-04T21:00:34.857Z,Ruang Bayi 1 (NICU),31,75.1
2026-06-04T21:00:44.875Z,Ruang Bayi 1 (NICU),31,75.2
2026-06-04T21:00:54.836Z,Ruang Bayi 1 (NICU),31,75
2026-06-04T21:01:04.835Z,Ruang Bayi 1 (NICU),31,75.1
2026-06-04T21:01:14.824Z,Ruang Bayi 1 (NICU),31,75.1
2026-06-04T21:01:25.104Z,Ruang Bayi 1 (NICU),31,75.1
2026-06-04T21:01:34.839Z,Ruang Bayi 1 (NICU),31,75.1
2026-06-04T21:01:44.932Z,Ruang Bayi 1 (NICU),31,75.1
2026-06-04T21:01:54.837Z,Ruang Bayi 1 (NICU),31.1,75.1
2026-06-04T21:02:04.850Z,Ruang Bayi 1 (NICU),31,75
2026-06-04T21:02:14.824Z,Ruang Bayi 1 (NICU),31,75
2026-06-04T21:02:25.031Z,Ruang Bayi 1 (NICU),31,75
2026-06-04T21:02:34.821Z,Ruang Bayi 1 (NICU),31,75.1
2026-06-04T21:02:44.868Z,Ruang Bayi 1 (NICU),31,75.1
2026-06-04T21:02:54.864Z,Ruang Bayi 1 (NICU),31,75
2026-06-04T21:03:04.822Z,Ruang Bayi 1 (NICU),31,75
2026-06-04T21:03:14.815Z,Ruang Bayi 1 (NICU),31,75.1
2026-06-04T21:03:24.829Z,Ruang Bayi 1 (NICU),31,75.1
2026-06-04T21:03:34.826Z,Ruang Bayi 1 (NICU),31,75.1
2026-06-04T21:03:44.829Z,Ruang Bayi 1 (NICU),31,75
2026-06-04T21:03:54.845Z,Ruang Bayi 1 (NICU),31,75.1
2026-06-04T21:04:04.811Z,Ruang Bayi 1 (NICU),31,75.1
2026-06-04T21:06:15.110Z,Ruang Bayi 1 (NICU),31.1,75.1
2026-06-04T21:06:25.029Z,Ruang Bayi 1 (NICU),31,75
2026-06-04T21:06:35.065Z,Ruang Bayi 1 (NICU),31,75
2026-06-04T21:06:44.985Z,Ruang Bayi 1 (NICU),31,75
2026-06-04T21:06:54.981Z,Ruang Bayi 1 (NICU),31,75
2026-06-04T21:07:04.993Z,Ruang Bayi 1 (NICU),31,74.9
2026-06-04T21:07:15.005Z,Ruang Bayi 1 (NICU),31,74.9
2026-06-04T21:07:24.982Z,Ruang Bayi 1 (NICU),31,74.9
2026-06-04T21:07:34.975Z,Ruang Bayi 1 (NICU),31,74.9
2026-06-04T21:07:45.003Z,Ruang Bayi 1 (NICU),31.1,74.9
2026-06-04T21:07:55.280Z,Ruang Bayi 1 (NICU),31,74.9
2026-06-04T21:08:04.994Z,Ruang Bayi 1 (NICU),31,74.9
2026-06-04T21:08:14.996Z,Ruang Bayi 1 (NICU),31.1,75
2026-06-04T21:08:25.141Z,Ruang Bayi 1 (NICU),31,75
2026-06-04T21:08:35.057Z,Ruang Bayi 1 (NICU),31,75
2026-06-04T21:08:44.979Z,Ruang Bayi 1 (NICU),31,75
2026-06-04T21:08:54.970Z,Ruang Bayi 1 (NICU),31,74.8
2026-06-04T21:09:05.136Z,Ruang Bayi 1 (NICU),31,74.9
2026-06-04T21:09:15.162Z,Ruang Bayi 1 (NICU),31,74.9
2026-06-04T21:09:24.971Z,Ruang Bayi 1 (NICU),31,74.9
2026-06-04T21:09:35.087Z,Ruang Bayi 1 (NICU),31,74.9
2026-06-04T21:09:45.004Z,Ruang Bayi 1 (NICU),31,75
2026-06-04T21:09:54.970Z,Ruang Bayi 1 (NICU),31,74.9
2026-06-04T21:10:04.985Z,Ruang Bayi 1 (NICU),31,74.9
2026-06-04T21:10:14.983Z,Ruang Bayi 1 (NICU),31,74.9
2026-06-04T21:10:25.060Z,Ruang Bayi 1 (NICU),31,74.9
2026-06-04T21:10:35.126Z,Ruang Bayi 1 (NICU),31,74.9
2026-06-04T21:10:44.971Z,Ruang Bayi 1 (NICU),31,75
2026-06-04T21:10:54.988Z,Ruang Bayi 1 (NICU),31,75
2026-06-04T21:11:04.973Z,Ruang Bayi 1 (NICU),31,74.9
2026-06-04T21:11:14.960Z,Ruang Bayi 1 (NICU),31.1,74.9
2026-06-04T21:11:25.166Z,Ruang Bayi 1 (NICU),31,74.9
2026-06-04T21:11:35.047Z,Ruang Bayi 1 (NICU),31,75
2026-06-04T21:11:44.988Z,Ruang Bayi 1 (NICU),31,74.9
2026-06-04T21:11:54.987Z,Ruang Bayi 1 (NICU),31,74.8
2026-06-04T21:12:04.973Z,Ruang Bayi 1 (NICU),31.1,74.9
2026-06-04T21:12:15.120Z,Ruang Bayi 1 (NICU),31,74.9
2026-06-04T21:12:25.037Z,Ruang Bayi 1 (NICU),31.1,74.9
2026-06-04T21:12:34.976Z,Ruang Bayi 1 (NICU),31.1,75
2026-06-04T21:12:45.023Z,Ruang Bayi 1 (NICU),31.1,74.9
2026-06-04T21:12:54.969Z,Ruang Bayi 1 (NICU),31,74.9
2026-06-04T21:13:04.987Z,Ruang Bayi 1 (NICU),31,75
2026-06-04T21:13:14.967Z,Ruang Bayi 1 (NICU),31.1,74.9
2026-06-04T21:13:24.976Z,Ruang Bayi 1 (NICU),31.1,74.9
2026-06-04T21:13:34.961Z,Ruang Bayi 1 (NICU),31,74.9
2026-06-04T21:13:45.018Z,Ruang Bayi 1 (NICU),31,74.9
2026-06-04T21:13:54.972Z,Ruang Bayi 1 (NICU),31.1,74.9
2026-06-04T21:14:05.156Z,Ruang Bayi 1 (NICU),31,74.9
2026-06-04T21:14:14.965Z,Ruang Bayi 1 (NICU),31,74.9
2026-06-04T21:14:24.965Z,Ruang Bayi 1 (NICU),31.1,74.9
2026-06-04T21:14:34.963Z,Ruang Bayi 1 (NICU),31,74.9
2026-06-04T21:14:44.985Z,Ruang Bayi 1 (NICU),31.1,74.9
2026-06-04T21:14:55.046Z,Ruang Bayi 1 (NICU),31,74.9
2026-06-04T21:15:05.060Z,Ruang Bayi 1 (NICU),31.1,74.9
2026-06-04T21:15:14.990Z,Ruang Bayi 1 (NICU),31.1,74.9
2026-06-04T21:15:24.978Z,Ruang Bayi 1 (NICU),31.1,74.9
2026-06-04T21:15:34.987Z,Ruang Bayi 1 (NICU),31.1,75
2026-06-04T21:15:44.962Z,Ruang Bayi 1 (NICU),31,75
2026-06-04T21:15:54.971Z,Ruang Bayi 1 (NICU),31.1,75
2026-06-04T21:16:04.986Z,Ruang Bayi 1 (NICU),31,75
2026-06-04T21:16:15.013Z,Ruang Bayi 1 (NICU),31,74.9
2026-06-04T21:16:24.966Z,Ruang Bayi 1 (NICU),31,74.9
2026-06-04T21:16:35.019Z,Ruang Bayi 1 (NICU),31.1,75
2026-06-04T21:16:44.977Z,Ruang Bayi 1 (NICU),31,75
2026-06-04T21:16:55.000Z,Ruang Bayi 1 (NICU),31,75
2026-06-04T21:17:05.019Z,Ruang Bayi 1 (NICU),31,74.9
2026-06-04T21:17:14.976Z,Ruang Bayi 1 (NICU),31.1,74.9
2026-06-04T21:17:24.969Z,Ruang Bayi 1 (NICU),31,75
2026-06-04T21:17:34.980Z,Ruang Bayi 1 (NICU),31,74.9
2026-06-04T21:17:45.006Z,Ruang Bayi 1 (NICU),31.1,74.8
2026-06-04T21:17:54.975Z,Ruang Bayi 1 (NICU),31,74.9
2026-06-04T21:18:04.964Z,Ruang Bayi 1 (NICU),31.1,74.9
2026-06-04T21:18:15.088Z,Ruang Bayi 1 (NICU),31,75
2026-06-04T21:18:24.966Z,Ruang Bayi 1 (NICU),31,74.9
2026-06-04T21:18:34.964Z,Ruang Bayi 1 (NICU),31,74.9
2026-06-04T21:18:45.052Z,Ruang Bayi 1 (NICU),31,74.9
2026-06-04T21:18:55.037Z,Ruang Bayi 1 (NICU),31,74.8
2026-06-04T21:19:04.957Z,Ruang Bayi 1 (NICU),31.1,74.8
2026-06-04T21:19:15.190Z,Ruang Bayi 1 (NICU),31,74.8
2026-06-04T21:19:25.001Z,Ruang Bayi 1 (NICU),31,74.8
2026-06-04T21:19:35.017Z,Ruang Bayi 1 (NICU),31,74.9
2026-06-04T21:19:44.959Z,Ruang Bayi 1 (NICU),31,74.8
2026-06-04T21:19:54.952Z,Ruang Bayi 1 (NICU),31.1,74.8
2026-06-04T21:20:04.981Z,Ruang Bayi 1 (NICU),31.1,74.9
2026-06-04T21:20:14.958Z,Ruang Bayi 1 (NICU),31,74.9
2026-06-04T21:20:24.964Z,Ruang Bayi 1 (NICU),31.1,74.9
2026-06-04T21:20:34.966Z,Ruang Bayi 1 (NICU),31.1,74.8
2026-06-04T21:20:44.951Z,Ruang Bayi 1 (NICU),31.1,74.8
2026-06-04T21:20:54.974Z,Ruang Bayi 1 (NICU),31,74.9
2026-06-04T21:21:04.957Z,Ruang Bayi 1 (NICU),31.1,74.8
2026-06-04T21:21:14.973Z,Ruang Bayi 1 (NICU),31,74.9
2026-06-04T21:21:25.007Z,Ruang Bayi 1 (NICU),31,74.8
2026-06-04T21:21:35.131Z,Ruang Bayi 1 (NICU),31,74.8
2026-06-04T21:21:44.970Z,Ruang Bayi 1 (NICU),31.1,74.8
2026-06-04T21:21:55.134Z,Ruang Bayi 1 (NICU),31,74.7
2026-06-04T21:22:04.956Z,Ruang Bayi 1 (NICU),31.1,74.7
2026-06-04T21:22:14.982Z,Ruang Bayi 1 (NICU),31,74.8
2026-06-04T21:22:24.965Z,Ruang Bayi 1 (NICU),31,74.8
2026-06-04T21:22:34.979Z,Ruang Bayi 1 (NICU),31,74.8
2026-06-04T21:22:44.965Z,Ruang Bayi 1 (NICU),31,74.8
2026-06-04T21:22:55.003Z,Ruang Bayi 1 (NICU),31,74.9
2026-06-04T21:23:04.968Z,Ruang Bayi 1 (NICU),31,74.8
2026-06-04T21:23:14.976Z,Ruang Bayi 1 (NICU),31,74.8
2026-06-04T21:23:25.019Z,Ruang Bayi 1 (NICU),31.1,74.8
2026-06-04T21:23:35.013Z,Ruang Bayi 1 (NICU),31.1,74.8
2026-06-04T21:23:44.972Z,Ruang Bayi 1 (NICU),31,74.8
2026-06-04T21:23:54.960Z,Ruang Bayi 1 (NICU),31.1,74.9
2026-06-04T21:24:04.970Z,Ruang Bayi 1 (NICU),31.1,74.9
2026-06-04T21:24:14.967Z,Ruang Bayi 1 (NICU),31.1,74.9
2026-06-04T21:24:24.954Z,Ruang Bayi 1 (NICU),31,74.8
2026-06-04T21:24:34.981Z,Ruang Bayi 1 (NICU),31.1,74.8
2026-06-04T21:24:44.972Z,Ruang Bayi 1 (NICU),31.1,74.8
2026-06-04T21:24:54.965Z,Ruang Bayi 1 (NICU),31.1,74.8
2026-06-04T21:25:04.956Z,Ruang Bayi 1 (NICU),31,74.9
2026-06-04T21:25:14.961Z,Ruang Bayi 1 (NICU),31.1,74.9
2026-06-04T21:25:24.954Z,Ruang Bayi 1 (NICU),31,74.8
2026-06-04T21:25:34.971Z,Ruang Bayi 1 (NICU),31,74.8
2026-06-04T21:25:44.998Z,Ruang Bayi 1 (NICU),31.1,74.8
2026-06-04T21:25:54.974Z,Ruang Bayi 1 (NICU),31.1,74.8
2026-06-04T21:26:04.983Z,Ruang Bayi 1 (NICU),31,74.8
2026-06-04T21:26:14.962Z,Ruang Bayi 1 (NICU),31.1,74.9
2026-06-04T21:26:24.974Z,Ruang Bayi 1 (NICU),31.1,74.9
2026-06-04T21:26:34.977Z,Ruang Bayi 1 (NICU),31.1,74.9
2026-06-04T21:26:44.962Z,Ruang Bayi 1 (NICU),31.1,74.9
2026-06-04T21:26:54.974Z,Ruang Bayi 1 (NICU),31,74.8
2026-06-04T21:27:05.126Z,Ruang Bayi 1 (NICU),31.1,74.8
2026-06-04T21:27:14.970Z,Ruang Bayi 1 (NICU),31,74.8
2026-06-04T21:27:24.972Z,Ruang Bayi 1 (NICU),31,74.8
2026-06-04T21:27:34.960Z,Ruang Bayi 1 (NICU),31.1,74.8
2026-06-04T21:27:44.952Z,Ruang Bayi 1 (NICU),31.1,74.9
2026-06-04T21:27:55.002Z,Ruang Bayi 1 (NICU),31,74.8
2026-06-04T21:28:05.018Z,Ruang Bayi 1 (NICU),31.1,74.9
2026-06-04T21:28:14.952Z,Ruang Bayi 1 (NICU),31.1,74.9
2026-06-04T21:28:24.953Z,Ruang Bayi 1 (NICU),31.1,74.9
2026-06-04T21:28:34.972Z,Ruang Bayi 1 (NICU),31.1,74.9
2026-06-04T21:30:45.244Z,Ruang Bayi 1 (NICU),31.1,74.9
2026-06-04T21:30:55.176Z,Ruang Bayi 1 (NICU),31,74.9
2026-06-04T21:31:05.162Z,Ruang Bayi 1 (NICU),31,74.9
2026-06-04T21:31:15.118Z,Ruang Bayi 1 (NICU),31,74.7
2026-06-04T21:31:25.116Z,Ruang Bayi 1 (NICU),31,74.8
2026-06-04T21:31:35.112Z,Ruang Bayi 1 (NICU),31,74.8
2026-06-04T21:31:45.113Z,Ruang Bayi 1 (NICU),31,74.9
2026-06-04T21:31:55.162Z,Ruang Bayi 1 (NICU),31,74.8
2026-06-04T21:32:05.101Z,Ruang Bayi 1 (NICU),31.1,74.8
2026-06-04T21:32:15.124Z,Ruang Bayi 1 (NICU),31,74.9
2026-06-04T21:32:25.120Z,Ruang Bayi 1 (NICU),31,74.9
2026-06-04T21:32:35.126Z,Ruang Bayi 1 (NICU),31,74.9
2026-06-04T21:32:45.092Z,Ruang Bayi 1 (NICU),31,74.9
2026-06-04T21:32:55.151Z,Ruang Bayi 1 (NICU),31.1,74.9
2026-06-04T21:33:05.091Z,Ruang Bayi 1 (NICU),31.1,74.8
2026-06-04T21:33:15.095Z,Ruang Bayi 1 (NICU),31,74.8
2026-06-04T21:33:25.159Z,Ruang Bayi 1 (NICU),31,74.8
2026-06-04T21:33:35.109Z,Ruang Bayi 1 (NICU),31,74.8
2026-06-04T21:33:45.293Z,Ruang Bayi 1 (NICU),31.1,74.8
2026-06-04T21:33:55.131Z,Ruang Bayi 1 (NICU),31,74.9
2026-06-04T21:34:05.100Z,Ruang Bayi 1 (NICU),31,74.8
2026-06-04T21:34:15.192Z,Ruang Bayi 1 (NICU),31,74.8
2026-06-04T21:34:25.115Z,Ruang Bayi 1 (NICU),31,74.9
2026-06-04T21:34:35.102Z,Ruang Bayi 1 (NICU),31.1,74.9
2026-06-04T21:34:45.104Z,Ruang Bayi 1 (NICU),31,74.9
2026-06-04T21:34:55.098Z,Ruang Bayi 1 (NICU),31.1,74.9
2026-06-04T21:35:05.139Z,Ruang Bayi 1 (NICU),31.1,74.9
2026-06-04T21:35:15.090Z,Ruang Bayi 1 (NICU),31.1,74.8
2026-06-04T21:35:25.091Z,Ruang Bayi 1 (NICU),31,74.8
2026-06-04T21:35:35.101Z,Ruang Bayi 1 (NICU),31.1,74.8
2026-06-04T21:35:45.125Z,Ruang Bayi 1 (NICU),31.1,74.8
2026-06-04T21:35:55.271Z,Ruang Bayi 1 (NICU),31,74.8
2026-06-04T21:36:05.158Z,Ruang Bayi 1 (NICU),31.1,74.9
2026-06-04T21:36:15.104Z,Ruang Bayi 1 (NICU),31.1,74.8
2026-06-04T21:36:25.093Z,Ruang Bayi 1 (NICU),31.1,74.8
2026-06-04T21:36:35.103Z,Ruang Bayi 1 (NICU),31,74.7
2026-06-04T21:36:45.107Z,Ruang Bayi 1 (NICU),31,74.8
2026-06-04T21:36:55.540Z,Ruang Bayi 1 (NICU),31,74.8
2026-06-04T21:37:05.155Z,Ruang Bayi 1 (NICU),31,74.8
2026-06-04T21:37:15.194Z,Ruang Bayi 1 (NICU),31,74.8
2026-06-04T21:37:25.101Z,Ruang Bayi 1 (NICU),31,74.7
2026-06-04T21:37:35.262Z,Ruang Bayi 1 (NICU),31,74.7
2026-06-04T21:37:45.100Z,Ruang Bayi 1 (NICU),31,74.8
2026-06-04T21:37:55.096Z,Ruang Bayi 1 (NICU),31.1,74.8
2026-06-04T21:38:05.114Z,Ruang Bayi 1 (NICU),31,74.8
2026-06-04T21:38:15.173Z,Ruang Bayi 1 (NICU),31,74.7
2026-06-04T21:38:25.100Z,Ruang Bayi 1 (NICU),31,74.7
2026-06-04T21:38:35.122Z,Ruang Bayi 1 (NICU),31,74.7
2026-06-04T21:38:45.155Z,Ruang Bayi 1 (NICU),31,74.8
2026-06-04T21:38:55.107Z,Ruang Bayi 1 (NICU),31,74.8
2026-06-04T21:39:05.241Z,Ruang Bayi 1 (NICU),31,74.8
2026-06-04T21:39:15.097Z,Ruang Bayi 1 (NICU),31,74.8
2026-06-04T21:39:25.133Z,Ruang Bayi 1 (NICU),31,74.8
2026-06-04T21:39:35.301Z,Ruang Bayi 1 (NICU),31,74.8
2026-06-04T21:39:45.111Z,Ruang Bayi 1 (NICU),31,74.8
2026-06-04T21:39:55.113Z,Ruang Bayi 1 (NICU),31,74.8
2026-06-04T21:40:05.118Z,Ruang Bayi 1 (NICU),31,74.9
2026-06-04T21:40:15.206Z,Ruang Bayi 1 (NICU),31,74.8
2026-06-04T21:40:25.102Z,Ruang Bayi 1 (NICU),31,74.8
2026-06-04T21:40:35.105Z,Ruang Bayi 1 (NICU),31.1,74.8
2026-06-04T21:40:45.121Z,Ruang Bayi 1 (NICU),31,74.8
2026-06-04T21:40:55.112Z,Ruang Bayi 1 (NICU),31.1,74.8
2026-06-04T21:41:05.107Z,Ruang Bayi 1 (NICU),31,74.8
2026-06-04T21:41:15.111Z,Ruang Bayi 1 (NICU),31,74.8
2026-06-04T21:41:25.115Z,Ruang Bayi 1 (NICU),31,74.8
2026-06-04T21:41:35.160Z,Ruang Bayi 1 (NICU),31,74.8
2026-06-04T21:41:45.196Z,Ruang Bayi 1 (NICU),31,74.9
2026-06-04T21:41:55.265Z,Ruang Bayi 1 (NICU),31,74.8
2026-06-04T21:42:05.101Z,Ruang Bayi 1 (NICU),31,74.8
2026-06-04T21:42:15.105Z,Ruang Bayi 1 (NICU),31,74.8
2026-06-04T21:42:25.108Z,Ruang Bayi 1 (NICU),31,74.8
2026-06-04T21:42:35.124Z,Ruang Bayi 1 (NICU),31,74.8
2026-06-04T21:42:45.122Z,Ruang Bayi 1 (NICU),31,74.8
2026-06-04T21:42:55.092Z,Ruang Bayi 1 (NICU),31,74.8
2026-06-04T21:43:05.097Z,Ruang Bayi 1 (NICU),31,74.8
2026-06-04T21:43:15.107Z,Ruang Bayi 1 (NICU),31.1,74.8
2026-06-04T21:43:25.092Z,Ruang Bayi 1 (NICU),31,74.8
2026-06-04T21:43:35.175Z,Ruang Bayi 1 (NICU),31,74.8
2026-06-04T21:43:45.315Z,Ruang Bayi 1 (NICU),31,74.9
2026-06-04T21:43:55.148Z,Ruang Bayi 1 (NICU),31.1,74.8
2026-06-04T21:44:05.201Z,Ruang Bayi 1 (NICU),31,74.8
2026-06-04T21:44:15.118Z,Ruang Bayi 1 (NICU),31,74.7
2026-06-04T21:44:25.123Z,Ruang Bayi 1 (NICU),31,74.7
2026-06-04T21:44:35.100Z,Ruang Bayi 1 (NICU),31,74.7
2026-06-04T21:44:45.110Z,Ruang Bayi 1 (NICU),31,74.7
2026-06-04T21:44:55.100Z,Ruang Bayi 1 (NICU),31.1,74.7
2026-06-04T21:45:05.089Z,Ruang Bayi 1 (NICU),31,74.6
2026-06-04T21:45:15.110Z,Ruang Bayi 1 (NICU),31,74.6
2026-06-04T21:45:25.102Z,Ruang Bayi 1 (NICU),31,74.7
2026-06-04T21:45:35.130Z,Ruang Bayi 1 (NICU),31,74.7
2026-06-04T21:45:45.111Z,Ruang Bayi 1 (NICU),31,74.6
2026-06-04T21:45:55.206Z,Ruang Bayi 1 (NICU),31,74.6
2026-06-04T21:46:05.552Z,Ruang Bayi 1 (NICU),31,74.6
2026-06-04T21:46:15.214Z,Ruang Bayi 1 (NICU),31,74.6
2026-06-04T21:46:25.099Z,Ruang Bayi 1 (NICU),31,74.6
2026-06-04T21:46:35.108Z,Ruang Bayi 1 (NICU),31,74.6
2026-06-04T21:46:45.097Z,Ruang Bayi 1 (NICU),31,74.7
2026-06-04T21:46:55.089Z,Ruang Bayi 1 (NICU),31,74.6
2026-06-04T21:47:05.087Z,Ruang Bayi 1 (NICU),31,74.6
2026-06-04T21:47:15.102Z,Ruang Bayi 1 (NICU),31,74.6
2026-06-04T21:47:25.093Z,Ruang Bayi 1 (NICU),31,74.7
2026-06-04T21:47:35.104Z,Ruang Bayi 1 (NICU),31,74.8
2026-06-04T21:47:45.099Z,Ruang Bayi 1 (NICU),31,74.7
2026-06-04T21:47:55.102Z,Ruang Bayi 1 (NICU),31,74.7
2026-06-04T21:48:05.136Z,Ruang Bayi 1 (NICU),31,74.6
2026-06-04T21:48:15.308Z,Ruang Bayi 1 (NICU),31,74.6
2026-06-04T21:48:25.109Z,Ruang Bayi 1 (NICU),31,74.6
2026-06-04T21:48:35.158Z,Ruang Bayi 1 (NICU),31,74.6
2026-06-04T21:50:45.282Z,Ruang Bayi 1 (NICU),31,74.6
2026-06-04T21:50:55.357Z,Ruang Bayi 1 (NICU),31,74.8
2026-06-04T21:51:05.249Z,Ruang Bayi 1 (NICU),31,74.8
2026-06-04T21:51:15.266Z,Ruang Bayi 1 (NICU),31,74.7
2026-06-04T21:51:25.262Z,Ruang Bayi 1 (NICU),31,74.7
2026-06-04T21:51:35.248Z,Ruang Bayi 1 (NICU),31,74.7
2026-06-04T21:51:45.256Z,Ruang Bayi 1 (NICU),31,74.8
2026-06-04T21:51:55.338Z,Ruang Bayi 1 (NICU),31,74.7
2026-06-04T21:52:05.272Z,Ruang Bayi 1 (NICU),31,74.7
2026-06-04T21:52:15.253Z,Ruang Bayi 1 (NICU),31,74.7
2026-06-04T21:52:25.250Z,Ruang Bayi 1 (NICU),31,74.7
2026-06-04T21:52:35.263Z,Ruang Bayi 1 (NICU),31,74.8
2026-06-04T21:52:45.248Z,Ruang Bayi 1 (NICU),31,74.8
2026-06-04T21:52:55.396Z,Ruang Bayi 1 (NICU),31,74.8
2026-06-04T21:55:07.725Z,Ruang Bayi 1 (NICU),31,74.8
2026-06-04T21:55:15.406Z,Ruang Bayi 1 (NICU),31,74.8
2026-06-04T21:55:25.416Z,Ruang Bayi 1 (NICU),31,74.7
2026-06-04T21:55:35.388Z,Ruang Bayi 1 (NICU),31,74.7
2026-06-04T21:55:45.517Z,Ruang Bayi 1 (NICU),31,74.8
2026-06-04T21:55:55.493Z,Ruang Bayi 1 (NICU),31,74.7
2026-06-04T21:56:05.399Z,Ruang Bayi 1 (NICU),31,74.8
2026-06-04T21:56:15.392Z,Ruang Bayi 1 (NICU),31,74.7
2026-06-04T21:56:25.416Z,Ruang Bayi 1 (NICU),31,74.7
2026-06-04T21:56:35.412Z,Ruang Bayi 1 (NICU),31,74.7
2026-06-04T21:56:45.400Z,Ruang Bayi 1 (NICU),31,74.7
2026-06-04T21:56:55.433Z,Ruang Bayi 1 (NICU),31,74.8
2026-06-04T21:57:05.622Z,Ruang Bayi 1 (NICU),31,74.7
2026-06-04T21:57:15.453Z,Ruang Bayi 1 (NICU),31,74.8
2026-06-04T21:57:25.630Z,Ruang Bayi 1 (NICU),31,74.8
2026-06-04T21:57:35.410Z,Ruang Bayi 1 (NICU),31,74.7
2026-06-04T21:57:45.408Z,Ruang Bayi 1 (NICU),31,74.7
2026-06-04T21:57:55.398Z,Ruang Bayi 1 (NICU),31,74.8
2026-06-04T21:58:05.406Z,Ruang Bayi 1 (NICU),31,74.7
2026-06-04T21:58:15.410Z,Ruang Bayi 1 (NICU),31,74.8
2026-06-04T21:58:25.407Z,Ruang Bayi 1 (NICU),31,74.7
2026-06-04T21:58:35.534Z,Ruang Bayi 1 (NICU),31,74.7
2026-06-04T21:58:45.402Z,Ruang Bayi 1 (NICU),31,74.7
2026-06-04T21:58:55.395Z,Ruang Bayi 1 (NICU),31,74.7
2026-06-04T21:59:05.404Z,Ruang Bayi 1 (NICU),31,74.7
2026-06-04T21:59:15.414Z,Ruang Bayi 1 (NICU),31,74.6
2026-06-04T21:59:25.409Z,Ruang Bayi 1 (NICU),31,74.7
2026-06-04T21:59:35.520Z,Ruang Bayi 1 (NICU),31,74.7
2026-06-04T21:59:45.395Z,Ruang Bayi 1 (NICU),31,74.7
2026-06-04T21:59:55.395Z,Ruang Bayi 1 (NICU),31,74.7
2026-06-04T22:00:05.378Z,Ruang Bayi 1 (NICU),31,74.7
2026-06-04T22:00:15.410Z,Ruang Bayi 1 (NICU),31,74.7
2026-06-04T22:00:25.381Z,Ruang Bayi 1 (NICU),31,74.7
2026-06-04T22:00:35.424Z,Ruang Bayi 1 (NICU),31,74.7
2026-06-04T22:00:45.458Z,Ruang Bayi 1 (NICU),31,74.7
2026-06-04T22:00:55.377Z,Ruang Bayi 1 (NICU),31,74.7
2026-06-04T22:01:05.390Z,Ruang Bayi 1 (NICU),31,74.7
2026-06-04T22:01:15.555Z,Ruang Bayi 1 (NICU),31,74.7
2026-06-04T22:01:25.388Z,Ruang Bayi 1 (NICU),31,74.7
2026-06-04T22:01:35.427Z,Ruang Bayi 1 (NICU),31,74.7
2026-06-04T22:01:45.384Z,Ruang Bayi 1 (NICU),31,74.6
2026-06-04T22:01:55.398Z,Ruang Bayi 1 (NICU),31,74.6
2026-06-04T22:02:05.383Z,Ruang Bayi 1 (NICU),31,74.7
2026-06-04T22:02:15.400Z,Ruang Bayi 1 (NICU),31,74.7
2026-06-04T22:02:25.408Z,Ruang Bayi 1 (NICU),31,74.6
2026-06-04T22:02:35.530Z,Ruang Bayi 1 (NICU),31,74.6
2026-06-04T22:02:45.391Z,Ruang Bayi 1 (NICU),31,74.7
2026-06-04T22:02:55.384Z,Ruang Bayi 1 (NICU),31,74.7
2026-06-04T22:03:05.385Z,Ruang Bayi 1 (NICU),31,74.7
2026-06-04T22:03:15.389Z,Ruang Bayi 1 (NICU),31,74.6
2026-06-04T22:03:25.388Z,Ruang Bayi 1 (NICU),31,74.6
2026-06-04T22:03:35.383Z,Ruang Bayi 1 (NICU),31,74.6
2026-06-04T22:03:45.420Z,Ruang Bayi 1 (NICU),31,74.7
2026-06-04T22:03:55.390Z,Ruang Bayi 1 (NICU),31,74.6
2026-06-04T22:04:05.403Z,Ruang Bayi 1 (NICU),31,74.6
2026-06-04T22:04:15.383Z,Ruang Bayi 1 (NICU),31,74.5
2026-06-04T22:04:25.382Z,Ruang Bayi 1 (NICU),31,74.5
2026-06-04T22:04:35.387Z,Ruang Bayi 1 (NICU),31,74.6
2026-06-04T22:04:45.372Z,Ruang Bayi 1 (NICU),31,74.6
2026-06-04T22:04:55.410Z,Ruang Bayi 1 (NICU),31,74.6
2026-06-04T22:05:05.391Z,Ruang Bayi 1 (NICU),31,74.6
2026-06-04T22:05:15.375Z,Ruang Bayi 1 (NICU),31,74.6
2026-06-04T22:05:25.384Z,Ruang Bayi 1 (NICU),31,74.6
2026-06-04T22:05:35.383Z,Ruang Bayi 1 (NICU),31,74.6
2026-06-04T22:05:45.411Z,Ruang Bayi 1 (NICU),31,74.6
2026-06-04T22:05:55.426Z,Ruang Bayi 1 (NICU),31,74.6
2026-06-04T22:06:05.408Z,Ruang Bayi 1 (NICU),31,74.6
2026-06-04T22:06:15.390Z,Ruang Bayi 1 (NICU),31,74.7
2026-06-04T22:06:25.387Z,Ruang Bayi 1 (NICU),31,74.7
2026-06-04T22:06:35.386Z,Ruang Bayi 1 (NICU),31,74.7
2026-06-04T22:06:45.450Z,Ruang Bayi 1 (NICU),31,74.7
2026-06-04T22:06:55.444Z,Ruang Bayi 1 (NICU),31,74.6
2026-06-04T22:07:05.403Z,Ruang Bayi 1 (NICU),31,74.6
2026-06-04T22:07:15.391Z,Ruang Bayi 1 (NICU),31,74.6
2026-06-04T22:07:25.399Z,Ruang Bayi 1 (NICU),31,74.6
2026-06-04T22:07:35.409Z,Ruang Bayi 1 (NICU),31,74.6
2026-06-04T22:07:45.390Z,Ruang Bayi 1 (NICU),31,74.6
2026-06-04T22:07:55.393Z,Ruang Bayi 1 (NICU),31,74.6
2026-06-04T22:08:05.428Z,Ruang Bayi 1 (NICU),31,74.7
2026-06-04T22:08:15.381Z,Ruang Bayi 1 (NICU),31,74.7
2026-06-04T22:08:25.381Z,Ruang Bayi 1 (NICU),31,74.7
2026-06-04T22:08:35.410Z,Ruang Bayi 1 (NICU),31,74.8
2026-06-04T22:08:45.545Z,Ruang Bayi 1 (NICU),31,74.7
2026-06-04T22:08:55.400Z,Ruang Bayi 1 (NICU),31,74.8
2026-06-04T22:09:05.404Z,Ruang Bayi 1 (NICU),31,74.8
2026-06-04T22:09:15.385Z,Ruang Bayi 1 (NICU),31,74.8
2026-06-04T22:09:25.380Z,Ruang Bayi 1 (NICU),31,74.8
2026-06-04T22:09:35.386Z,Ruang Bayi 1 (NICU),31,74.8
2026-06-04T22:09:45.415Z,Ruang Bayi 1 (NICU),31,74.8
2026-06-04T22:09:55.398Z,Ruang Bayi 1 (NICU),31,74.8
2026-06-04T22:10:05.381Z,Ruang Bayi 1 (NICU),31,74.8
2026-06-04T22:10:15.423Z,Ruang Bayi 1 (NICU),31,74.8
2026-06-04T22:10:25.379Z,Ruang Bayi 1 (NICU),31,74.8
2026-06-04T22:10:35.421Z,Ruang Bayi 1 (NICU),31,74.8
2026-06-04T22:10:45.386Z,Ruang Bayi 1 (NICU),31,74.7
2026-06-04T22:10:55.385Z,Ruang Bayi 1 (NICU),31,74.7
2026-06-04T22:11:05.378Z,Ruang Bayi 1 (NICU),31,74.8
2026-06-04T22:11:15.402Z,Ruang Bayi 1 (NICU),31,74.8
2026-06-04T22:11:25.405Z,Ruang Bayi 1 (NICU),31,74.8
2026-06-04T22:11:35.474Z,Ruang Bayi 1 (NICU),31,74.8
2026-06-04T22:11:45.494Z,Ruang Bayi 1 (NICU),31,74.8
2026-06-04T22:11:55.637Z,Ruang Bayi 1 (NICU),31,74.8
2026-06-04T22:12:05.396Z,Ruang Bayi 1 (NICU),31,74.8
2026-06-04T22:12:15.392Z,Ruang Bayi 1 (NICU),31,74.8
2026-06-04T22:12:25.411Z,Ruang Bayi 1 (NICU),31,74.8
2026-06-04T22:12:35.374Z,Ruang Bayi 1 (NICU),31,74.8
2026-06-04T22:12:45.397Z,Ruang Bayi 1 (NICU),31,74.8
2026-06-04T22:12:55.387Z,Ruang Bayi 1 (NICU),31,74.9
2026-06-04T22:13:05.391Z,Ruang Bayi 1 (NICU),31,74.9
2026-06-04T22:13:15.372Z,Ruang Bayi 1 (NICU),31,74.9
2026-06-04T22:13:25.379Z,Ruang Bayi 1 (NICU),31,74.9
2026-06-04T22:13:35.429Z,Ruang Bayi 1 (NICU),31,74.9
2026-06-04T22:13:45.371Z,Ruang Bayi 1 (NICU),31,74.9
2026-06-04T22:13:55.401Z,Ruang Bayi 1 (NICU),31,74.9
2026-06-04T22:14:05.608Z,Ruang Bayi 1 (NICU),31,74.9
2026-06-04T22:14:15.386Z,Ruang Bayi 1 (NICU),31,74.9
2026-06-04T22:14:25.395Z,Ruang Bayi 1 (NICU),31,74.8
2026-06-04T22:14:35.426Z,Ruang Bayi 1 (NICU),31,74.9
2026-06-04T22:14:45.391Z,Ruang Bayi 1 (NICU),31,74.8
2026-06-04T22:14:55.375Z,Ruang Bayi 1 (NICU),31,74.8
2026-06-04T22:15:05.385Z,Ruang Bayi 1 (NICU),31,74.9
2026-06-04T22:15:15.381Z,Ruang Bayi 1 (NICU),31,74.8
2026-06-04T22:15:25.665Z,Ruang Bayi 1 (NICU),31,74.9
2026-06-04T22:15:35.391Z,Ruang Bayi 1 (NICU),31,74.9
2026-06-04T22:15:45.369Z,Ruang Bayi 1 (NICU),31,74.8
2026-06-04T22:15:55.393Z,Ruang Bayi 1 (NICU),31,74.8
2026-06-04T22:16:05.400Z,Ruang Bayi 1 (NICU),31,74.8
2026-06-04T22:16:15.373Z,Ruang Bayi 1 (NICU),31,74.8
2026-06-04T22:16:25.377Z,Ruang Bayi 1 (NICU),31,74.8
2026-06-04T22:16:35.509Z,Ruang Bayi 1 (NICU),31,74.9
2026-06-04T22:16:45.557Z,Ruang Bayi 1 (NICU),31,74.9
2026-06-04T22:16:55.368Z,Ruang Bayi 1 (NICU),31,74.8
2026-06-04T22:17:05.364Z,Ruang Bayi 1 (NICU),31,74.8
2026-06-04T22:17:15.378Z,Ruang Bayi 1 (NICU),31,74.9
2026-06-04T22:17:25.386Z,Ruang Bayi 1 (NICU),31,74.8
2026-06-04T22:17:35.367Z,Ruang Bayi 1 (NICU),31,74.9
2026-06-04T22:17:45.370Z,Ruang Bayi 1 (NICU),31,74.8
2026-06-04T22:17:55.371Z,Ruang Bayi 1 (NICU),31,74.8
2026-06-04T22:18:05.417Z,Ruang Bayi 1 (NICU),31,74.8
2026-06-04T22:18:15.472Z,Ruang Bayi 1 (NICU),31,74.8
2026-06-04T22:18:25.395Z,Ruang Bayi 1 (NICU),31,74.8
2026-06-04T22:18:35.384Z,Ruang Bayi 1 (NICU),31,74.8
2026-06-04T22:18:45.379Z,Ruang Bayi 1 (NICU),31,74.8
2026-06-04T22:18:55.413Z,Ruang Bayi 1 (NICU),31,74.8
2026-06-04T22:19:05.384Z,Ruang Bayi 1 (NICU),31,74.8
2026-06-04T22:19:15.379Z,Ruang Bayi 1 (NICU),31,74.8
2026-06-04T22:19:25.371Z,Ruang Bayi 1 (NICU),31,74.8
2026-06-04T22:19:35.384Z,Ruang Bayi 1 (NICU),31,74.8
2026-06-04T22:19:45.532Z,Ruang Bayi 1 (NICU),31,74.9
2026-06-04T22:19:55.377Z,Ruang Bayi 1 (NICU),31,74.8
2026-06-04T22:20:05.393Z,Ruang Bayi 1 (NICU),31,74.9
2026-06-04T22:20:15.470Z,Ruang Bayi 1 (NICU),31,74.9
2026-06-04T22:20:25.385Z,Ruang Bayi 1 (NICU),31,74.9
2026-06-04T22:20:35.398Z,Ruang Bayi 1 (NICU),31,74.9
2026-06-04T22:20:45.659Z,Ruang Bayi 1 (NICU),31,74.9
2026-06-04T22:20:55.376Z,Ruang Bayi 1 (NICU),31,74.8
2026-06-04T22:21:05.525Z,Ruang Bayi 1 (NICU),31,74.8
2026-06-04T22:23:15.579Z,Ruang Bayi 1 (NICU),31,74.8
2026-06-04T22:23:25.539Z,Ruang Bayi 1 (NICU),30.9,74.9
2026-06-04T22:23:35.528Z,Ruang Bayi 1 (NICU),31,74.9
2026-06-04T22:25:45.767Z,Ruang Bayi 1 (NICU),31,74.8
2026-06-04T22:25:55.830Z,Ruang Bayi 1 (NICU),30.9,74.9
2026-06-04T22:26:05.691Z,Ruang Bayi 1 (NICU),30.9,74.9
2026-06-04T22:26:15.868Z,Ruang Bayi 1 (NICU),30.9,74.9
2026-06-04T22:26:25.767Z,Ruang Bayi 1 (NICU),31,74.9
2026-06-04T22:26:35.679Z,Ruang Bayi 1 (NICU),31,74.9
2026-06-04T22:26:45.684Z,Ruang Bayi 1 (NICU),31,74.9
2026-06-04T22:26:55.774Z,Ruang Bayi 1 (NICU),31,74.9
2026-06-04T22:27:05.703Z,Ruang Bayi 1 (NICU),30.9,74.9
2026-06-04T22:27:15.680Z,Ruang Bayi 1 (NICU),31,75
2026-06-04T22:27:25.915Z,Ruang Bayi 1 (NICU),31,74.9
2026-06-04T22:27:35.679Z,Ruang Bayi 1 (NICU),31,74.9
2026-06-04T22:29:45.957Z,Ruang Bayi 1 (NICU),31,74.9
2026-06-04T22:29:55.842Z,Ruang Bayi 1 (NICU),30.9,75
2026-06-04T22:30:05.833Z,Ruang Bayi 1 (NICU),30.9,75
2026-06-04T22:30:15.856Z,Ruang Bayi 1 (NICU),30.9,75
2026-06-04T22:30:25.838Z,Ruang Bayi 1 (NICU),30.9,74.9
2026-06-04T22:30:35.833Z,Ruang Bayi 1 (NICU),30.9,75
2026-06-04T22:30:45.831Z,Ruang Bayi 1 (NICU),30.9,75
2026-06-04T22:30:55.844Z,Ruang Bayi 1 (NICU),31,75
2026-06-04T22:31:05.871Z,Ruang Bayi 1 (NICU),30.9,75
2026-06-04T22:31:15.831Z,Ruang Bayi 1 (NICU),30.9,75
2026-06-04T22:31:26.131Z,Ruang Bayi 1 (NICU),31,75
2026-06-04T22:31:35.861Z,Ruang Bayi 1 (NICU),30.9,75
2026-06-04T22:31:45.834Z,Ruang Bayi 1 (NICU),30.9,75
2026-06-04T22:31:55.883Z,Ruang Bayi 1 (NICU),31,75
2026-06-04T22:32:05.867Z,Ruang Bayi 1 (NICU),30.9,75
2026-06-04T22:32:15.834Z,Ruang Bayi 1 (NICU),30.9,75
2026-06-04T22:32:25.859Z,Ruang Bayi 1 (NICU),30.9,75
2026-06-04T22:32:35.842Z,Ruang Bayi 1 (NICU),31,75
2026-06-04T22:32:45.840Z,Ruang Bayi 1 (NICU),30.9,75.1
2026-06-04T22:32:55.860Z,Ruang Bayi 1 (NICU),30.9,75
2026-06-04T22:33:05.843Z,Ruang Bayi 1 (NICU),30.9,74.9
2026-06-04T22:33:15.964Z,Ruang Bayi 1 (NICU),30.9,74.9
2026-06-04T22:33:25.872Z,Ruang Bayi 1 (NICU),30.9,74.9
2026-06-04T22:33:35.840Z,Ruang Bayi 1 (NICU),30.9,74.9
2026-06-04T22:33:45.841Z,Ruang Bayi 1 (NICU),30.9,74.9
2026-06-04T22:33:55.841Z,Ruang Bayi 1 (NICU),30.9,74.9
2026-06-04T22:34:05.877Z,Ruang Bayi 1 (NICU),30.9,74.9
2026-06-04T22:36:16.046Z,Ruang Bayi 1 (NICU),30.9,74.9
2026-06-04T22:36:25.989Z,Ruang Bayi 1 (NICU),30.9,75
2026-06-04T22:36:36.014Z,Ruang Bayi 1 (NICU),30.9,74.9
2026-06-04T22:36:46.093Z,Ruang Bayi 1 (NICU),30.9,74.9
2026-06-04T22:36:55.980Z,Ruang Bayi 1 (NICU),30.9,74.9
2026-06-04T22:37:06.004Z,Ruang Bayi 1 (NICU),30.9,75
2026-06-04T22:37:15.997Z,Ruang Bayi 1 (NICU),30.9,75
2026-06-04T22:37:26.026Z,Ruang Bayi 1 (NICU),30.9,74.9
2026-06-04T22:37:35.997Z,Ruang Bayi 1 (NICU),30.9,75
2026-06-04T22:39:46.213Z,Ruang Bayi 1 (NICU),30.9,75
2026-06-04T22:39:56.171Z,Ruang Bayi 1 (NICU),30.9,75
2026-06-04T22:40:06.153Z,Ruang Bayi 1 (NICU),30.9,74.9
2026-06-04T22:40:16.155Z,Ruang Bayi 1 (NICU),30.9,74.9
2026-06-04T22:40:26.147Z,Ruang Bayi 1 (NICU),30.9,75
2026-06-04T22:40:36.134Z,Ruang Bayi 1 (NICU),30.9,74.9
2026-06-04T22:40:46.153Z,Ruang Bayi 1 (NICU),30.9,74.9
2026-06-04T22:40:56.153Z,Ruang Bayi 1 (NICU),30.9,74.9
2026-06-04T22:41:06.141Z,Ruang Bayi 1 (NICU),30.9,75
2026-06-04T22:41:16.140Z,Ruang Bayi 1 (NICU),30.9,75
2026-06-04T22:41:26.153Z,Ruang Bayi 1 (NICU),30.9,74.9
2026-06-04T22:41:36.168Z,Ruang Bayi 1 (NICU),30.9,74.9
2026-06-04T22:41:46.193Z,Ruang Bayi 1 (NICU),30.9,74.9
2026-06-04T22:41:56.245Z,Ruang Bayi 1 (NICU),30.9,74.9
2026-06-04T22:42:06.188Z,Ruang Bayi 1 (NICU),30.9,74.9
2026-06-04T22:42:16.189Z,Ruang Bayi 1 (NICU),30.9,74.9
2026-06-04T22:42:26.151Z,Ruang Bayi 1 (NICU),30.9,74.9
2026-06-04T22:42:36.158Z,Ruang Bayi 1 (NICU),30.9,75
2026-06-04T22:42:46.143Z,Ruang Bayi 1 (NICU),30.9,75
2026-06-04T22:42:56.165Z,Ruang Bayi 1 (NICU),30.9,75
2026-06-04T22:43:06.299Z,Ruang Bayi 1 (NICU),30.9,74.9
2026-06-04T22:43:16.141Z,Ruang Bayi 1 (NICU),30.9,74.9
2026-06-04T22:43:26.124Z,Ruang Bayi 1 (NICU),30.9,75
2026-06-04T22:43:36.144Z,Ruang Bayi 1 (NICU),30.9,74.9
2026-06-04T22:43:46.152Z,Ruang Bayi 1 (NICU),30.9,75
2026-06-04T22:43:56.141Z,Ruang Bayi 1 (NICU),30.9,74.9
2026-06-04T22:44:06.189Z,Ruang Bayi 1 (NICU),30.9,75
2026-06-04T22:44:16.140Z,Ruang Bayi 1 (NICU),30.9,75
2026-06-04T22:44:26.147Z,Ruang Bayi 1 (NICU),30.9,74.9
2026-06-04T22:44:36.142Z,Ruang Bayi 1 (NICU),30.9,74.9
2026-06-04T22:44:46.140Z,Ruang Bayi 1 (NICU),30.9,74.9
2026-06-04T22:44:56.129Z,Ruang Bayi 1 (NICU),30.9,74.9
2026-06-04T22:45:06.139Z,Ruang Bayi 1 (NICU),30.9,74.9
2026-06-04T22:49:17.060Z,Ruang Bayi 1 (NICU),30.9,75
2026-06-04T22:49:26.523Z,Ruang Bayi 1 (NICU),30.9,75
2026-06-04T22:49:36.519Z,Ruang Bayi 1 (NICU),30.9,75
2026-06-04T22:49:46.503Z,Ruang Bayi 1 (NICU),30.9,75
2026-06-04T22:49:56.496Z,Ruang Bayi 1 (NICU),30.9,75
2026-06-04T22:50:16.492Z,Ruang Bayi 1 (NICU),30.9,75
2026-06-04T22:50:26.480Z,Ruang Bayi 1 (NICU),30.9,75
2026-06-04T22:50:36.666Z,Ruang Bayi 1 (NICU),30.9,75
2026-06-04T22:50:46.502Z,Ruang Bayi 1 (NICU),30.9,75
2026-06-04T22:50:56.517Z,Ruang Bayi 1 (NICU),30.9,75
2026-06-04T22:51:06.474Z,Ruang Bayi 1 (NICU),30.9,75
2026-06-04T22:51:16.486Z,Ruang Bayi 1 (NICU),30.9,75
2026-06-04T22:51:26.483Z,Ruang Bayi 1 (NICU),30.9,75
2026-06-04T22:51:36.523Z,Ruang Bayi 1 (NICU),30.9,75
2026-06-04T22:51:46.489Z,Ruang Bayi 1 (NICU),30.9,74.9
2026-06-04T22:51:56.741Z,Ruang Bayi 1 (NICU),30.9,75
2026-06-04T22:52:06.592Z,Ruang Bayi 1 (NICU),30.9,75
2026-06-04T22:52:16.564Z,Ruang Bayi 1 (NICU),30.9,75
2026-06-04T22:52:26.470Z,Ruang Bayi 1 (NICU),30.9,75
2026-06-04T22:52:36.485Z,Ruang Bayi 1 (NICU),30.9,75
2026-06-04T22:52:46.477Z,Ruang Bayi 1 (NICU),30.9,75
2026-06-04T22:52:56.482Z,Ruang Bayi 1 (NICU),30.9,75
2026-06-04T22:53:06.481Z,Ruang Bayi 1 (NICU),30.9,75
2026-06-04T22:53:16.532Z,Ruang Bayi 1 (NICU),30.9,75
2026-06-04T22:53:26.491Z,Ruang Bayi 1 (NICU),30.9,75
2026-06-04T22:53:36.617Z,Ruang Bayi 1 (NICU),30.9,75
2026-06-04T22:53:46.538Z,Ruang Bayi 1 (NICU),30.9,74.9
2026-06-04T22:53:56.492Z,Ruang Bayi 1 (NICU),30.9,74.9
2026-06-04T22:54:06.611Z,Ruang Bayi 1 (NICU),30.9,74.9
2026-06-04T22:54:16.483Z,Ruang Bayi 1 (NICU),30.9,74.9
2026-06-04T22:54:26.483Z,Ruang Bayi 1 (NICU),30.9,75
2026-06-04T22:54:36.489Z,Ruang Bayi 1 (NICU),30.9,74.9
2026-06-04T22:54:46.500Z,Ruang Bayi 1 (NICU),30.9,74.9
2026-06-04T22:54:56.484Z,Ruang Bayi 1 (NICU),30.9,74.9
2026-06-04T22:55:06.486Z,Ruang Bayi 1 (NICU),30.9,74.9
2026-06-04T22:55:16.481Z,Ruang Bayi 1 (NICU),30.9,74.9
2026-06-04T22:55:26.481Z,Ruang Bayi 1 (NICU),30.9,74.9
2026-06-04T22:55:36.513Z,Ruang Bayi 1 (NICU),30.9,74.9
2026-06-04T22:55:46.484Z,Ruang Bayi 1 (NICU),30.9,75
2026-06-04T22:55:56.512Z,Ruang Bayi 1 (NICU),30.9,74.9
2026-06-04T22:56:06.614Z,Ruang Bayi 1 (NICU),30.9,74.9
2026-06-04T22:56:16.495Z,Ruang Bayi 1 (NICU),30.9,75
2026-06-04T22:56:26.505Z,Ruang Bayi 1 (NICU),30.9,74.9
2026-06-04T22:56:36.483Z,Ruang Bayi 1 (NICU),30.9,75
2026-06-04T22:56:46.485Z,Ruang Bayi 1 (NICU),30.9,74.9
2026-06-04T22:56:56.631Z,Ruang Bayi 1 (NICU),30.9,74.9
2026-06-04T22:57:06.478Z,Ruang Bayi 1 (NICU),30.9,74.9
2026-06-04T22:57:16.489Z,Ruang Bayi 1 (NICU),30.9,74.9
2026-06-04T22:57:26.534Z,Ruang Bayi 1 (NICU),30.9,75
2026-06-04T22:57:36.474Z,Ruang Bayi 1 (NICU),30.9,75
2026-06-04T22:57:46.500Z,Ruang Bayi 1 (NICU),30.9,75
2026-06-04T22:57:56.516Z,Ruang Bayi 1 (NICU),30.9,74.9
2026-06-04T22:58:06.510Z,Ruang Bayi 1 (NICU),30.9,74.9
2026-06-04T22:58:16.469Z,Ruang Bayi 1 (NICU),30.9,74.9
2026-06-04T22:58:26.474Z,Ruang Bayi 1 (NICU),30.9,74.9
2026-06-04T22:58:36.498Z,Ruang Bayi 1 (NICU),30.9,74.9
2026-06-04T22:58:46.495Z,Ruang Bayi 1 (NICU),30.9,74.9
2026-06-04T22:58:56.730Z,Ruang Bayi 1 (NICU),30.9,74.9
2026-06-04T22:59:06.489Z,Ruang Bayi 1 (NICU),30.9,74.9
2026-06-04T22:59:16.468Z,Ruang Bayi 1 (NICU),30.9,74.9
2026-06-04T22:59:26.496Z,Ruang Bayi 1 (NICU),30.9,74.9
2026-06-04T22:59:36.472Z,Ruang Bayi 1 (NICU),30.9,75
2026-06-04T22:59:46.482Z,Ruang Bayi 1 (NICU),30.9,74.9
2026-06-04T23:01:56.680Z,Ruang Bayi 1 (NICU),30.9,75
2026-06-04T23:02:06.634Z,Ruang Bayi 1 (NICU),30.8,75
2026-06-04T23:02:16.643Z,Ruang Bayi 1 (NICU),30.8,75
2026-06-04T23:02:26.638Z,Ruang Bayi 1 (NICU),30.9,75
2026-06-04T23:02:36.631Z,Ruang Bayi 1 (NICU),30.8,75
2026-06-04T23:02:46.774Z,Ruang Bayi 1 (NICU),30.9,75
2026-06-04T23:02:56.648Z,Ruang Bayi 1 (NICU),30.8,75
2026-06-04T23:03:06.641Z,Ruang Bayi 1 (NICU),30.8,75
2026-06-04T23:03:16.633Z,Ruang Bayi 1 (NICU),30.9,75
2026-06-04T23:03:26.628Z,Ruang Bayi 1 (NICU),30.9,74.9
2026-06-04T23:03:36.623Z,Ruang Bayi 1 (NICU),30.8,75
2026-06-04T23:03:46.638Z,Ruang Bayi 1 (NICU),30.8,75
2026-06-04T23:03:56.644Z,Ruang Bayi 1 (NICU),30.9,75
2026-06-04T23:04:06.713Z,Ruang Bayi 1 (NICU),30.9,74.9
2026-06-04T23:04:16.617Z,Ruang Bayi 1 (NICU),30.8,75
2026-06-04T23:04:26.646Z,Ruang Bayi 1 (NICU),30.8,75
2026-06-04T23:04:36.874Z,Ruang Bayi 1 (NICU),30.8,75
2026-06-04T23:04:46.618Z,Ruang Bayi 1 (NICU),30.8,75
2026-06-04T23:04:56.615Z,Ruang Bayi 1 (NICU),30.9,75
2026-06-04T23:05:06.606Z,Ruang Bayi 1 (NICU),30.8,75
2026-06-04T23:05:16.658Z,Ruang Bayi 1 (NICU),30.9,75
2026-06-04T23:05:26.755Z,Ruang Bayi 1 (NICU),30.8,75
2026-06-04T23:05:36.617Z,Ruang Bayi 1 (NICU),30.9,75
2026-06-04T23:05:46.714Z,Ruang Bayi 1 (NICU),30.8,75
2026-06-04T23:05:56.614Z,Ruang Bayi 1 (NICU),30.8,75
2026-06-04T23:06:06.619Z,Ruang Bayi 1 (NICU),30.9,74.9
2026-06-04T23:06:16.669Z,Ruang Bayi 1 (NICU),30.9,75
2026-06-04T23:06:26.622Z,Ruang Bayi 1 (NICU),30.8,75
2026-06-04T23:06:36.622Z,Ruang Bayi 1 (NICU),30.8,74.9
2026-06-04T23:06:46.606Z,Ruang Bayi 1 (NICU),30.8,74.9
2026-06-04T23:06:56.651Z,Ruang Bayi 1 (NICU),30.9,74.9
2026-06-04T23:07:06.639Z,Ruang Bayi 1 (NICU),30.8,75
2026-06-04T23:07:16.611Z,Ruang Bayi 1 (NICU),30.9,74.9
2026-06-04T23:07:26.631Z,Ruang Bayi 1 (NICU),30.8,74.9
2026-06-04T23:07:36.600Z,Ruang Bayi 1 (NICU),30.8,74.9
2026-06-04T23:07:46.624Z,Ruang Bayi 1 (NICU),30.8,74.9
2026-06-04T23:07:56.603Z,Ruang Bayi 1 (NICU),30.8,74.9
2026-06-04T23:08:06.624Z,Ruang Bayi 1 (NICU),30.8,74.9
2026-06-04T23:08:16.624Z,Ruang Bayi 1 (NICU),30.8,74.9
2026-06-04T23:08:26.733Z,Ruang Bayi 1 (NICU),30.8,75
2026-06-04T23:08:36.622Z,Ruang Bayi 1 (NICU),30.8,74.9
2026-06-04T23:08:46.617Z,Ruang Bayi 1 (NICU),30.8,75
2026-06-04T23:08:56.614Z,Ruang Bayi 1 (NICU),30.8,75
2026-06-04T23:09:06.609Z,Ruang Bayi 1 (NICU),30.9,74.9
2026-06-04T23:09:16.608Z,Ruang Bayi 1 (NICU),30.8,74.9
2026-06-04T23:09:27.747Z,Ruang Bayi 1 (NICU),30.8,74.9
2026-06-04T23:09:36.613Z,Ruang Bayi 1 (NICU),30.9,74.8
2026-06-04T23:09:46.621Z,Ruang Bayi 1 (NICU),30.8,74.7
2026-06-04T23:09:56.617Z,Ruang Bayi 1 (NICU),30.9,74.7
2026-06-04T23:10:06.602Z,Ruang Bayi 1 (NICU),30.8,74.7
2026-06-04T23:10:16.621Z,Ruang Bayi 1 (NICU),30.8,74.5
2026-06-04T23:10:26.627Z,Ruang Bayi 1 (NICU),30.8,74.5
2026-06-04T23:10:36.784Z,Ruang Bayi 1 (NICU),30.8,74.6
2026-06-04T23:10:46.619Z,Ruang Bayi 1 (NICU),30.8,74.5
2026-06-04T23:10:56.625Z,Ruang Bayi 1 (NICU),30.8,74.4
2026-06-04T23:11:06.673Z,Ruang Bayi 1 (NICU),30.8,74.5
2026-06-04T23:11:16.625Z,Ruang Bayi 1 (NICU),30.8,74.5
2026-06-04T23:11:26.633Z,Ruang Bayi 1 (NICU),30.8,74.6
2026-06-04T23:11:36.643Z,Ruang Bayi 1 (NICU),30.8,74.6
2026-06-04T23:11:46.628Z,Ruang Bayi 1 (NICU),30.8,74.5
2026-06-04T23:11:56.609Z,Ruang Bayi 1 (NICU),30.8,74.5
2026-06-04T23:14:06.803Z,Ruang Bayi 1 (NICU),30.8,74.5
2026-06-04T23:14:16.777Z,Ruang Bayi 1 (NICU),30.8,74.3
2026-06-04T23:14:26.773Z,Ruang Bayi 1 (NICU),30.8,74.2
2026-06-04T23:14:36.767Z,Ruang Bayi 1 (NICU),30.8,74.3
2026-06-04T23:14:46.772Z,Ruang Bayi 1 (NICU),30.8,74.2
2026-06-04T23:14:56.757Z,Ruang Bayi 1 (NICU),30.8,74.2
2026-06-04T23:15:06.776Z,Ruang Bayi 1 (NICU),30.8,74.1
2026-06-04T23:15:16.756Z,Ruang Bayi 1 (NICU),30.8,74.2
2026-06-04T23:15:26.767Z,Ruang Bayi 1 (NICU),30.8,74.2
2026-06-04T23:15:36.766Z,Ruang Bayi 1 (NICU),30.8,74.1
2026-06-04T23:15:46.773Z,Ruang Bayi 1 (NICU),30.8,74.1
2026-06-04T23:15:56.765Z,Ruang Bayi 1 (NICU),30.8,74.1
2026-06-04T23:16:06.761Z,Ruang Bayi 1 (NICU),30.8,74
2026-06-04T23:16:16.797Z,Ruang Bayi 1 (NICU),30.8,74
2026-06-04T23:16:26.758Z,Ruang Bayi 1 (NICU),30.8,74
2026-06-04T23:16:36.863Z,Ruang Bayi 1 (NICU),30.8,74
2026-06-04T23:16:46.766Z,Ruang Bayi 1 (NICU),30.8,74
2026-06-04T23:16:56.770Z,Ruang Bayi 1 (NICU),30.8,74
2026-06-04T23:17:06.761Z,Ruang Bayi 1 (NICU),30.8,74
2026-06-04T23:17:16.780Z,Ruang Bayi 1 (NICU),30.8,74
2026-06-04T23:17:26.765Z,Ruang Bayi 1 (NICU),30.8,74
2026-06-04T23:17:36.765Z,Ruang Bayi 1 (NICU),30.8,74
2026-06-04T23:17:46.787Z,Ruang Bayi 1 (NICU),30.8,74
2026-06-04T23:17:56.761Z,Ruang Bayi 1 (NICU),30.8,74
2026-06-04T23:18:06.773Z,Ruang Bayi 1 (NICU),30.8,74
2026-06-04T23:18:16.807Z,Ruang Bayi 1 (NICU),30.8,74
2026-06-04T23:18:26.816Z,Ruang Bayi 1 (NICU),30.8,74
2026-06-04T23:18:36.764Z,Ruang Bayi 1 (NICU),30.8,73.9
2026-06-04T23:18:46.780Z,Ruang Bayi 1 (NICU),30.8,73.9
2026-06-04T23:18:56.756Z,Ruang Bayi 1 (NICU),30.8,73.9
2026-06-04T23:19:06.776Z,Ruang Bayi 1 (NICU),30.8,73.9
2026-06-04T23:19:16.753Z,Ruang Bayi 1 (NICU),30.7,73.9
2026-06-04T23:19:26.763Z,Ruang Bayi 1 (NICU),30.8,73.9
2026-06-04T23:19:36.758Z,Ruang Bayi 1 (NICU),30.8,73.9
2026-06-04T23:19:46.767Z,Ruang Bayi 1 (NICU),30.8,73.9
2026-06-04T23:19:56.761Z,Ruang Bayi 1 (NICU),30.8,73.9
2026-06-04T23:20:06.771Z,Ruang Bayi 1 (NICU),30.8,73.9
2026-06-04T23:20:16.859Z,Ruang Bayi 1 (NICU),30.8,73.9
2026-06-04T23:20:26.746Z,Ruang Bayi 1 (NICU),30.8,73.9
2026-06-04T23:20:36.781Z,Ruang Bayi 1 (NICU),30.8,73.8
2026-06-04T23:20:46.763Z,Ruang Bayi 1 (NICU),30.8,73.8
2026-06-04T23:20:56.801Z,Ruang Bayi 1 (NICU),30.8,73.9
2026-06-04T23:21:06.765Z,Ruang Bayi 1 (NICU),30.8,73.9
2026-06-04T23:21:16.767Z,Ruang Bayi 1 (NICU),30.8,73.8
2026-06-04T23:21:26.751Z,Ruang Bayi 1 (NICU),30.8,73.8
2026-06-04T23:21:36.760Z,Ruang Bayi 1 (NICU),30.7,73.7
2026-06-04T23:21:46.745Z,Ruang Bayi 1 (NICU),30.7,73.8
2026-06-04T23:21:56.781Z,Ruang Bayi 1 (NICU),30.8,73.7
2026-06-04T23:22:06.937Z,Ruang Bayi 1 (NICU),30.8,73.8
2026-06-04T23:22:16.748Z,Ruang Bayi 1 (NICU),30.7,73.7
2026-06-04T23:22:26.759Z,Ruang Bayi 1 (NICU),30.7,73.7
2026-06-04T23:22:36.758Z,Ruang Bayi 1 (NICU),30.7,73.7
2026-06-04T23:22:46.806Z,Ruang Bayi 1 (NICU),30.7,73.7
2026-06-04T23:22:56.894Z,Ruang Bayi 1 (NICU),30.7,73.7
2026-06-04T23:23:06.763Z,Ruang Bayi 1 (NICU),30.7,73.7
2026-06-04T23:23:16.754Z,Ruang Bayi 1 (NICU),30.7,73.7
2026-06-04T23:23:26.757Z,Ruang Bayi 1 (NICU),30.7,73.7
2026-06-04T23:23:36.784Z,Ruang Bayi 1 (NICU),30.7,73.7
2026-06-04T23:23:46.758Z,Ruang Bayi 1 (NICU),30.7,73.7
2026-06-04T23:23:56.847Z,Ruang Bayi 1 (NICU),30.8,73.7
2026-06-04T23:24:06.755Z,Ruang Bayi 1 (NICU),30.7,73.7
2026-06-04T23:24:16.762Z,Ruang Bayi 1 (NICU),30.7,73.7
2026-06-04T23:24:30.227Z,Ruang Bayi 1 (NICU),30.7,73.7
2026-06-04T23:24:36.812Z,Ruang Bayi 1 (NICU),30.7,73.7
2026-06-04T23:24:46.791Z,Ruang Bayi 1 (NICU),30.7,73.7
2026-06-04T23:24:56.789Z,Ruang Bayi 1 (NICU),30.7,73.7
2026-06-04T23:27:07.433Z,Ruang Bayi 1 (NICU),30.7,73.7
2026-06-04T23:27:17.031Z,Ruang Bayi 1 (NICU),30.7,73.6
2026-06-04T23:27:26.904Z,Ruang Bayi 1 (NICU),30.7,73.6
2026-06-04T23:27:37.180Z,Ruang Bayi 1 (NICU),30.7,73.6
2026-06-04T23:27:46.915Z,Ruang Bayi 1 (NICU),30.7,73.6
2026-06-04T23:27:56.908Z,Ruang Bayi 1 (NICU),30.7,73.6
2026-06-04T23:28:06.945Z,Ruang Bayi 1 (NICU),30.7,73.7
2026-06-04T23:28:16.926Z,Ruang Bayi 1 (NICU),30.7,73.6
2026-06-04T23:28:26.897Z,Ruang Bayi 1 (NICU),30.7,73.6
2026-06-04T23:28:36.923Z,Ruang Bayi 1 (NICU),30.7,73.6
2026-06-04T23:28:46.949Z,Ruang Bayi 1 (NICU),30.7,73.7
2026-06-04T23:28:56.907Z,Ruang Bayi 1 (NICU),30.7,73.6
2026-06-04T23:29:06.916Z,Ruang Bayi 1 (NICU),30.7,73.6
2026-06-04T23:31:17.127Z,Ruang Bayi 1 (NICU),30.7,73.6
2026-06-04T23:31:27.202Z,Ruang Bayi 1 (NICU),30.7,73.8
2026-06-04T23:31:37.108Z,Ruang Bayi 1 (NICU),30.7,73.8
2026-06-04T23:31:47.119Z,Ruang Bayi 1 (NICU),30.7,73.8
2026-06-04T23:31:57.112Z,Ruang Bayi 1 (NICU),30.7,73.9
2026-06-04T23:32:07.126Z,Ruang Bayi 1 (NICU),30.7,73.9
2026-06-04T23:32:17.159Z,Ruang Bayi 1 (NICU),30.7,74
2026-06-04T23:32:27.273Z,Ruang Bayi 1 (NICU),30.7,74
2026-06-04T23:32:37.469Z,Ruang Bayi 1 (NICU),30.7,74
2026-06-04T23:32:47.109Z,Ruang Bayi 1 (NICU),30.7,74
2026-06-04T23:32:57.097Z,Ruang Bayi 1 (NICU),30.7,73.9
2026-06-04T23:33:07.100Z,Ruang Bayi 1 (NICU),30.7,73.9
2026-06-04T23:33:17.111Z,Ruang Bayi 1 (NICU),30.7,74
2026-06-04T23:33:27.109Z,Ruang Bayi 1 (NICU),30.7,74
2026-06-04T23:33:37.146Z,Ruang Bayi 1 (NICU),30.7,74
2026-06-04T23:33:47.173Z,Ruang Bayi 1 (NICU),30.7,74.1
2026-06-04T23:33:57.097Z,Ruang Bayi 1 (NICU),30.6,74.7
2026-06-04T23:34:07.110Z,Ruang Bayi 1 (NICU),30.6,74.6
2026-06-04T23:34:17.101Z,Ruang Bayi 1 (NICU),30.6,74.7
2026-06-04T23:34:27.173Z,Ruang Bayi 1 (NICU),30.6,74.6
2026-06-04T23:34:37.095Z,Ruang Bayi 1 (NICU),30.7,74.5
2026-06-04T23:34:47.133Z,Ruang Bayi 1 (NICU),30.6,74.4
2026-06-04T23:34:57.099Z,Ruang Bayi 1 (NICU),30.6,74.4
2026-06-04T23:35:07.119Z,Ruang Bayi 1 (NICU),30.6,74.4
2026-06-04T23:35:17.306Z,Ruang Bayi 1 (NICU),30.6,74.5
2026-06-04T23:35:27.109Z,Ruang Bayi 1 (NICU),30.6,74.4
2026-06-04T23:35:37.105Z,Ruang Bayi 1 (NICU),30.6,74.5
2026-06-04T23:35:47.197Z,Ruang Bayi 1 (NICU),30.7,74.7
2026-06-04T23:35:57.107Z,Ruang Bayi 1 (NICU),30.6,74.7
2026-06-04T23:36:07.098Z,Ruang Bayi 1 (NICU),30.6,74.7
2026-06-04T23:36:17.103Z,Ruang Bayi 1 (NICU),30.6,74.8
2026-06-04T23:36:27.099Z,Ruang Bayi 1 (NICU),30.6,74.8
2026-06-04T23:36:37.086Z,Ruang Bayi 1 (NICU),30.6,74.9
2026-06-04T23:36:47.107Z,Ruang Bayi 1 (NICU),30.6,74.9
2026-06-04T23:36:57.102Z,Ruang Bayi 1 (NICU),30.6,74.9
2026-06-04T23:39:07.397Z,Ruang Bayi 1 (NICU),30.6,74.8
2026-06-04T23:39:17.268Z,Ruang Bayi 1 (NICU),30.6,75.2
2026-06-04T23:39:27.268Z,Ruang Bayi 1 (NICU),30.6,74.9
2026-06-04T23:39:37.260Z,Ruang Bayi 1 (NICU),30.6,74.8
2026-06-04T23:39:47.252Z,Ruang Bayi 1 (NICU),30.6,74.8
2026-06-04T23:39:57.255Z,Ruang Bayi 1 (NICU),30.6,74.9
2026-06-04T23:40:07.308Z,Ruang Bayi 1 (NICU),30.6,74.8
2026-06-04T23:42:17.596Z,Ruang Bayi 1 (NICU),30.6,74.8
2026-06-04T23:42:27.396Z,Ruang Bayi 1 (NICU),30.6,74.9
2026-06-04T23:42:37.406Z,Ruang Bayi 1 (NICU),30.6,74.8
2026-06-04T23:42:47.410Z,Ruang Bayi 1 (NICU),30.6,74.8
2026-06-04T23:42:57.414Z,Ruang Bayi 1 (NICU),30.6,74.8
2026-06-04T23:43:07.446Z,Ruang Bayi 1 (NICU),30.6,74.7
2026-06-04T23:43:17.413Z,Ruang Bayi 1 (NICU),30.6,74.7
2026-06-04T23:43:27.392Z,Ruang Bayi 1 (NICU),30.6,74.7
2026-06-04T23:43:37.404Z,Ruang Bayi 1 (NICU),30.6,74.6
2026-06-04T23:43:47.412Z,Ruang Bayi 1 (NICU),30.6,74.7
2026-06-04T23:43:57.411Z,Ruang Bayi 1 (NICU),30.6,74.5
2026-06-05T00:09:27.593Z,Ruang Bayi 1 (NICU),26.5,57.6
2026-06-05T00:10:14.955Z,Ruang Bayi 1 (NICU),26.4,61
2026-06-05T00:10:26.401Z,Ruang Bayi 1 (NICU),26.4,58.9
2026-06-05T00:10:33.612Z,Ruang Bayi 1 (NICU),26.3,59.9
2026-06-05T00:10:53.404Z,Ruang Bayi 1 (NICU),26.3,58.4
2026-06-05T00:11:04.537Z,Ruang Bayi 1 (NICU),26.3,58.8
2026-06-05T00:11:14.040Z,Ruang Bayi 1 (NICU),26.3,59
2026-06-05T00:11:23.266Z,Ruang Bayi 1 (NICU),26.2,60.2
2026-06-05T00:11:33.163Z,Ruang Bayi 1 (NICU),26.2,60.1
2026-06-05T00:11:50.202Z,Ruang Bayi 1 (NICU),26.2,62.2
2026-06-05T00:11:57.323Z,Ruang Bayi 1 (NICU),26.2,61.1
2026-06-05T00:12:11.077Z,Ruang Bayi 1 (NICU),26.2,59.2
2026-06-05T00:13:15.239Z,Ruang Bayi 1 (NICU),26.1,58.9
2026-06-05T00:13:23.558Z,Ruang Bayi 1 (NICU),26.1,59.4
2026-06-05T00:13:31.023Z,Ruang Bayi 1 (NICU),26.1,58.7
2026-06-05T00:13:42.981Z,Ruang Bayi 1 (NICU),26.1,58.7
2026-06-05T00:13:54.347Z,Ruang Bayi 1 (NICU),26.1,58.3
2026-06-05T00:14:19.890Z,Ruang Bayi 1 (NICU),26,58.6
2026-06-05T00:14:31.612Z,Ruang Bayi 1 (NICU),26,58.4
2026-06-05T00:14:39.299Z,Ruang Bayi 1 (NICU),26,58.6
2026-06-05T00:14:47.468Z,Ruang Bayi 1 (NICU),26,58.4
2026-06-05T00:15:00.962Z,Ruang Bayi 1 (NICU),26,58.3
2026-06-05T00:15:07.645Z,Ruang Bayi 1 (NICU),26,58.3
2026-06-05T00:15:20.849Z,Ruang Bayi 1 (NICU),26,58.1
2026-06-05T00:15:28.857Z,Ruang Bayi 1 (NICU),26,58.1
2026-06-05T00:17:15.081Z,Ruang Bayi 1 (NICU),25.9,58.9
2026-06-05T00:17:50.721Z,Ruang Bayi 1 (NICU),25.8,59.5
2026-06-05T00:18:21.222Z,Ruang Bayi 1 (NICU),25.8,58.9
2026-06-05T00:19:05.133Z,Ruang Bayi 1 (NICU),25.8,60.3
2026-06-05T00:19:16.295Z,Ruang Bayi 1 (NICU),25.8,63.3
2026-06-05T00:27:40.689Z,Ruang Bayi 1 (NICU),25.4,58.7
2026-06-05T00:27:46.844Z,Ruang Bayi 1 (NICU),25.4,58.8
2026-06-05T00:27:55.604Z,Ruang Bayi 1 (NICU),25.4,58.9
2026-06-05T00:31:41.268Z,Ruang Bayi 1 (NICU),25.3,59.4
2026-06-05T00:31:50.158Z,Ruang Bayi 1 (NICU),25.3,59.4
2026-06-05T00:31:58.245Z,Ruang Bayi 1 (NICU),25.3,59.4
2026-06-05T00:32:09.241Z,Ruang Bayi 1 (NICU),25.3,59.5
2026-06-05T00:32:50.667Z,Ruang Bayi 1 (NICU),25.3,59.5
2026-06-05T00:33:16.650Z,Ruang Bayi 1 (NICU),25.3,59.6
2026-06-05T00:33:46.985Z,Ruang Bayi 1 (NICU),25.3,59.7
2026-06-05T00:33:56.078Z,Ruang Bayi 1 (NICU),25.3,59.6
2026-06-05T00:34:02.525Z,Ruang Bayi 1 (NICU),25.3,59.7
2026-06-05T00:34:40.150Z,Ruang Bayi 1 (NICU),25.3,59.7
2026-06-05T00:34:51.551Z,Ruang Bayi 1 (NICU),25.3,59.9
2026-06-05T00:35:04.501Z,Ruang Bayi 1 (NICU),25.3,60.2
2026-06-05T00:35:11.856Z,Ruang Bayi 1 (NICU),25.3,61.1
2026-06-05T00:35:43.979Z,Ruang Bayi 1 (NICU),25.4,62.2
2026-06-05T00:37:18.557Z,Ruang Bayi 1 (NICU),25.4,60.5
2026-06-05T00:50:35.757Z,Ruang Bayi 1 (NICU),26.1,58.9
2026-06-05T00:55:17.955Z,Ruang Bayi 1 (NICU),26.1,58.6
2026-06-05T00:55:25.506Z,Ruang Bayi 1 (NICU),26.1,58.6
2026-06-05T00:55:48.696Z,Ruang Bayi 1 (NICU),26.1,58.5
2026-06-05T00:56:17.007Z,Ruang Bayi 1 (NICU),26.1,58.6
2026-06-05T00:56:27.207Z,Ruang Bayi 1 (NICU),26.1,58.5
2026-06-05T00:56:40.923Z,Ruang Bayi 1 (NICU),26.1,58.5
2026-06-05T00:57:10.727Z,Ruang Bayi 1 (NICU),26.1,58.5
2026-06-05T00:57:48.963Z,Ruang Bayi 1 (NICU),26.1,58.8
2026-06-05T00:57:55.450Z,Ruang Bayi 1 (NICU),26.1,58.6
2026-06-05T00:58:04.643Z,Ruang Bayi 1 (NICU),26.1,60.6
2026-06-05T00:58:18.605Z,Ruang Bayi 1 (NICU),26.1,60.1
2026-06-05T00:58:31.980Z,Ruang Bayi 1 (NICU),26.2,62.7
2026-06-05T00:58:44.823Z,Ruang Bayi 1 (NICU),26.2,62
2026-06-05T00:59:37.212Z,Ruang Bayi 1 (NICU),26.3,59.2
2026-06-05T00:59:49.385Z,Ruang Bayi 1 (NICU),26.3,58.9
2026-06-05T00:59:59.060Z,Ruang Bayi 1 (NICU),26.3,59
2026-06-05T01:00:04.837Z,Ruang Bayi 1 (NICU),26.3,58.6
2026-06-05T01:00:17.726Z,Ruang Bayi 1 (NICU),26.2,58.5
2026-06-05T01:00:42.646Z,Ruang Bayi 1 (NICU),26.2,59.2
2026-06-05T01:00:56.758Z,Ruang Bayi 1 (NICU),26.3,59.2
2026-06-05T01:01:02.012Z,Ruang Bayi 1 (NICU),26.3,59.6
2026-06-05T01:01:14.011Z,Ruang Bayi 1 (NICU),26.2,59.9
2026-06-05T01:01:35.447Z,Ruang Bayi 1 (NICU),26.3,60.1
2026-06-05T01:01:43.909Z,Ruang Bayi 1 (NICU),26.2,60.2
2026-06-05T01:02:51.131Z,Ruang Bayi 1 (NICU),26.3,61.4
2026-06-05T01:07:04.582Z,Ruang Bayi 1 (NICU),26.5,67.1
2026-06-05T01:07:35.171Z,Ruang Bayi 1 (NICU),26.6,67.9
2026-06-05T01:07:44.977Z,Ruang Bayi 1 (NICU),26.6,68
2026-06-05T01:07:54.935Z,Ruang Bayi 1 (NICU),26.7,68.1
2026-06-05T01:08:06.328Z,Ruang Bayi 1 (NICU),26.7,68.2
2026-06-05T01:08:12.838Z,Ruang Bayi 1 (NICU),26.7,68.6
2026-06-05T01:08:33.900Z,Ruang Bayi 1 (NICU),26.8,68.7
2026-06-05T01:08:51.832Z,Ruang Bayi 1 (NICU),26.8,68.7
2026-06-05T01:09:05.074Z,Ruang Bayi 1 (NICU),26.8,68.9
2026-06-05T01:09:15.417Z,Ruang Bayi 1 (NICU),26.8,69
2026-06-05T01:10:02.777Z,Ruang Bayi 1 (NICU),26.9,69.7
2026-06-05T01:10:26.917Z,Ruang Bayi 1 (NICU),26.9,69.8
2026-06-05T01:11:23.400Z,Ruang Bayi 1 (NICU),27,75.1
2026-06-05T01:12:33.526Z,Ruang Bayi 1 (NICU),26.9,71.9
2026-06-05T01:12:43.336Z,Ruang Bayi 1 (NICU),27.2,72.7
2026-06-05T01:12:50.329Z,Ruang Bayi 1 (NICU),27.2,72.1
2026-06-05T01:12:59.948Z,Ruang Bayi 1 (NICU),27.2,71.9
2026-06-05T01:13:10.629Z,Ruang Bayi 1 (NICU),27.2,71.8
2026-06-05T01:13:23.153Z,Ruang Bayi 1 (NICU),27.2,71.8
2026-06-05T01:13:33.581Z,Ruang Bayi 1 (NICU),27.2,71.8
2026-06-05T01:13:43.059Z,Ruang Bayi 1 (NICU),27.2,71.7
2026-06-05T01:13:50.331Z,Ruang Bayi 1 (NICU),27.2,71.7
2026-06-05T01:14:03.255Z,Ruang Bayi 1 (NICU),27.2,72.1
2026-06-05T01:14:10.584Z,Ruang Bayi 1 (NICU),27.2,72.2
2026-06-05T01:14:21.498Z,Ruang Bayi 1 (NICU),27.2,72.2
2026-06-05T01:14:30.030Z,Ruang Bayi 1 (NICU),27.2,72.2
2026-06-05T01:14:40.276Z,Ruang Bayi 1 (NICU),27.2,71.9
2026-06-05T01:14:53.348Z,Ruang Bayi 1 (NICU),27.3,72.1
2026-06-05T01:15:00.169Z,Ruang Bayi 1 (NICU),27.3,72.2
2026-06-05T01:15:10.012Z,Ruang Bayi 1 (NICU),27.3,72.3
2026-06-05T01:15:23.380Z,Ruang Bayi 1 (NICU),27.3,72.3
2026-06-05T01:15:30.042Z,Ruang Bayi 1 (NICU),27.3,72.4
2026-06-05T01:15:40.321Z,Ruang Bayi 1 (NICU),27.4,72.4
2026-06-05T01:15:53.321Z,Ruang Bayi 1 (NICU),27.3,72.4
2026-06-05T01:16:00.203Z,Ruang Bayi 1 (NICU),27.4,72.6
2026-06-05T01:16:10.345Z,Ruang Bayi 1 (NICU),27.4,72.7
2026-06-05T01:16:20.023Z,Ruang Bayi 1 (NICU),27.4,72.6
2026-06-05T01:16:33.043Z,Ruang Bayi 1 (NICU),27.4,72.7
2026-06-05T01:16:40.664Z,Ruang Bayi 1 (NICU),27.4,72.6
2026-06-05T01:16:53.297Z,Ruang Bayi 1 (NICU),27.4,72.7
2026-06-05T01:17:03.266Z,Ruang Bayi 1 (NICU),27.4,72.8
2026-06-05T01:17:10.282Z,Ruang Bayi 1 (NICU),27.4,73
2026-06-05T01:17:19.991Z,Ruang Bayi 1 (NICU),27.4,72.8
2026-06-05T01:17:32.903Z,Ruang Bayi 1 (NICU),27.5,72.9
2026-06-05T01:17:43.494Z,Ruang Bayi 1 (NICU),27.5,73.2
2026-06-05T01:17:53.035Z,Ruang Bayi 1 (NICU),27.5,73.4
2026-06-05T01:17:59.944Z,Ruang Bayi 1 (NICU),27.5,73.4
2026-06-05T01:18:09.988Z,Ruang Bayi 1 (NICU),27.5,73.3
2026-06-05T01:18:19.969Z,Ruang Bayi 1 (NICU),27.5,73.4
2026-06-05T01:18:33.377Z,Ruang Bayi 1 (NICU),27.5,73.8
2026-06-05T01:18:43.328Z,Ruang Bayi 1 (NICU),27.5,73.7
2026-06-05T01:18:53.390Z,Ruang Bayi 1 (NICU),27.6,73.5
2026-06-05T01:19:04.565Z,Ruang Bayi 1 (NICU),27.6,73.5
2026-06-05T01:19:10.038Z,Ruang Bayi 1 (NICU),27.6,73.6
2026-06-05T01:19:23.163Z,Ruang Bayi 1 (NICU),27.6,73.7
2026-06-05T01:19:33.197Z,Ruang Bayi 1 (NICU),27.6,73.4
2026-06-05T01:19:39.935Z,Ruang Bayi 1 (NICU),27.6,73.4
2026-06-05T01:19:50.407Z,Ruang Bayi 1 (NICU),27.6,73.5
2026-06-05T01:19:59.934Z,Ruang Bayi 1 (NICU),27.6,73.3
2026-06-05T01:20:10.648Z,Ruang Bayi 1 (NICU),27.6,73.2
2026-06-05T01:20:23.525Z,Ruang Bayi 1 (NICU),27.6,73.3
2026-06-05T01:20:33.239Z,Ruang Bayi 1 (NICU),27.7,73.5
2026-06-05T01:20:40.152Z,Ruang Bayi 1 (NICU),27.7,73.7
2026-06-05T01:20:49.989Z,Ruang Bayi 1 (NICU),27.7,73.5
2026-06-05T01:20:59.970Z,Ruang Bayi 1 (NICU),27.7,73.5
2026-06-05T01:21:13.187Z,Ruang Bayi 1 (NICU),27.7,73.5
2026-06-05T01:21:23.655Z,Ruang Bayi 1 (NICU),27.7,73.5
2026-06-05T01:21:30.171Z,Ruang Bayi 1 (NICU),27.7,73.6
2026-06-05T01:21:40.146Z,Ruang Bayi 1 (NICU),27.7,73.6
2026-06-05T01:21:53.258Z,Ruang Bayi 1 (NICU),27.8,73.7
2026-06-05T01:22:00.047Z,Ruang Bayi 1 (NICU),27.8,74
2026-06-05T01:22:09.908Z,Ruang Bayi 1 (NICU),27.8,74.1
2026-06-05T01:22:20.460Z,Ruang Bayi 1 (NICU),27.8,74.4
2026-06-05T01:22:30.085Z,Ruang Bayi 1 (NICU),27.8,74.5
2026-06-05T01:22:43.487Z,Ruang Bayi 1 (NICU),27.8,74.1
2026-06-05T01:22:50.065Z,Ruang Bayi 1 (NICU),27.8,73.9
2026-06-05T01:23:03.358Z,Ruang Bayi 1 (NICU),27.9,73.7
2026-06-05T01:23:10.204Z,Ruang Bayi 1 (NICU),27.9,73.9
2026-06-05T01:23:23.184Z,Ruang Bayi 1 (NICU),27.9,73.8
2026-06-05T01:23:30.142Z,Ruang Bayi 1 (NICU),27.9,73.8
2026-06-05T01:23:40.167Z,Ruang Bayi 1 (NICU),27.9,74
2026-06-05T01:23:53.546Z,Ruang Bayi 1 (NICU),27.9,74
2026-06-05T01:24:02.522Z,Ruang Bayi 1 (NICU),27.9,73.9
2026-06-05T01:24:10.821Z,Ruang Bayi 1 (NICU),27.9,73.9
2026-06-05T01:24:20.100Z,Ruang Bayi 1 (NICU),27.9,73.8
2026-06-05T01:24:30.320Z,Ruang Bayi 1 (NICU),28,73.9
2026-06-05T01:24:40.142Z,Ruang Bayi 1 (NICU),28,74.2
2026-06-05T01:24:50.205Z,Ruang Bayi 1 (NICU),28,74.2
2026-06-05T01:25:03.117Z,Ruang Bayi 1 (NICU),28,74
2026-06-05T01:25:10.038Z,Ruang Bayi 1 (NICU),28,74.6
2026-06-05T01:25:22.886Z,Ruang Bayi 1 (NICU),28,74.5
2026-06-05T01:25:29.922Z,Ruang Bayi 1 (NICU),28,74.5
2026-06-05T01:25:40.208Z,Ruang Bayi 1 (NICU),28,74.4
2026-06-05T01:25:53.114Z,Ruang Bayi 1 (NICU),28,74.5
2026-06-05T01:26:00.045Z,Ruang Bayi 1 (NICU),28,74.5
2026-06-05T01:26:13.269Z,Ruang Bayi 1 (NICU),28.1,74.4
2026-06-05T01:26:20.524Z,Ruang Bayi 1 (NICU),28.1,74.3
2026-06-05T01:26:30.095Z,Ruang Bayi 1 (NICU),28.1,74.2
2026-06-05T01:26:40.136Z,Ruang Bayi 1 (NICU),28.1,74.3
2026-06-05T01:26:53.425Z,Ruang Bayi 1 (NICU),28.1,74.3
2026-06-05T01:27:00.109Z,Ruang Bayi 1 (NICU),28.1,74.2
2026-06-05T01:27:10.102Z,Ruang Bayi 1 (NICU),28.1,74.3
2026-06-05T01:27:23.176Z,Ruang Bayi 1 (NICU),28.1,74.4
2026-06-05T01:27:30.262Z,Ruang Bayi 1 (NICU),28.1,74.5
2026-06-05T01:27:39.749Z,Ruang Bayi 1 (NICU),28.1,74.2
2026-06-05T01:27:53.090Z,Ruang Bayi 1 (NICU),28.2,74.1
2026-06-05T01:28:00.262Z,Ruang Bayi 1 (NICU),28.2,74.2
2026-06-05T01:28:13.356Z,Ruang Bayi 1 (NICU),28.2,74.2
2026-06-05T01:28:20.427Z,Ruang Bayi 1 (NICU),28.2,74.3
2026-06-05T01:28:30.181Z,Ruang Bayi 1 (NICU),28.2,74.4
2026-06-05T01:28:40.092Z,Ruang Bayi 1 (NICU),28.2,74.6
2026-06-05T01:28:49.999Z,Ruang Bayi 1 (NICU),28.2,74.9
2026-06-05T01:29:03.228Z,Ruang Bayi 1 (NICU),28.2,74.8
2026-06-05T01:29:10.065Z,Ruang Bayi 1 (NICU),28.2,74.7
2026-06-05T01:29:20.143Z,Ruang Bayi 1 (NICU),28.2,74.7
2026-06-05T01:29:30.047Z,Ruang Bayi 1 (NICU),28.2,74.6
2026-06-05T01:29:43.290Z,Ruang Bayi 1 (NICU),28.3,74.8
2026-06-05T01:29:53.170Z,Ruang Bayi 1 (NICU),28.3,74.7
2026-06-05T01:30:00.082Z,Ruang Bayi 1 (NICU),28.3,74.7
2026-06-05T01:30:13.355Z,Ruang Bayi 1 (NICU),28.3,74.6
2026-06-05T01:30:20.444Z,Ruang Bayi 1 (NICU),28.3,74.6
2026-06-05T01:30:30.184Z,Ruang Bayi 1 (NICU),28.3,74.8
2026-06-05T01:30:39.857Z,Ruang Bayi 1 (NICU),28.3,75
2026-06-05T01:30:53.140Z,Ruang Bayi 1 (NICU),28.3,74.8
2026-06-05T01:31:00.028Z,Ruang Bayi 1 (NICU),28.3,75
2026-06-05T01:31:10.064Z,Ruang Bayi 1 (NICU),28.3,74.9
2026-06-05T01:31:23.341Z,Ruang Bayi 1 (NICU),28.4,74.8
2026-06-05T01:31:30.166Z,Ruang Bayi 1 (NICU),28.4,74.8
2026-06-05T01:31:40.042Z,Ruang Bayi 1 (NICU),28.4,74.8
2026-06-05T01:31:53.117Z,Ruang Bayi 1 (NICU),28.4,74.9
2026-06-05T01:32:00.035Z,Ruang Bayi 1 (NICU),28.4,74.6
2026-06-05T01:32:10.105Z,Ruang Bayi 1 (NICU),28.4,74.7
2026-06-05T01:32:20.162Z,Ruang Bayi 1 (NICU),28.4,74.7
2026-06-05T01:32:29.952Z,Ruang Bayi 1 (NICU),28.4,74.7
2026-06-05T01:32:43.105Z,Ruang Bayi 1 (NICU),28.4,74.6
2026-06-05T01:32:50.081Z,Ruang Bayi 1 (NICU),28.4,74.5
2026-06-05T01:33:00.056Z,Ruang Bayi 1 (NICU),28.4,74.7
2026-06-05T01:33:09.913Z,Ruang Bayi 1 (NICU),28.4,74.7
2026-06-05T01:33:23.059Z,Ruang Bayi 1 (NICU),28.4,74.8
2026-06-05T01:33:36.211Z,Ruang Bayi 1 (NICU),28.4,74.7
2026-06-05T01:33:40.661Z,Ruang Bayi 1 (NICU),28.5,74.6
2026-06-05T01:33:54.264Z,Ruang Bayi 1 (NICU),28.5,74.9
2026-06-05T01:34:00.889Z,Ruang Bayi 1 (NICU),28.5,74.9
2026-06-05T01:34:13.302Z,Ruang Bayi 1 (NICU),28.5,74.7
2026-06-05T01:34:21.201Z,Ruang Bayi 1 (NICU),28.5,74.7
2026-06-05T01:34:31.410Z,Ruang Bayi 1 (NICU),28.5,74.8
2026-06-05T01:34:40.750Z,Ruang Bayi 1 (NICU),28.5,75
2026-06-16T07:19:20.974Z,Ruang Bayi 1 (NICU),30.9,56.3
2026-06-16T07:19:26.653Z,Ruang Bayi 1 (NICU),30.8,57.7
2026-06-16T07:19:36.804Z,Ruang Bayi 1 (NICU),30.9,57.6
2026-06-16T07:19:46.643Z,Ruang Bayi 1 (NICU),30.9,58.1
2026-06-16T07:19:56.630Z,Ruang Bayi 1 (NICU),30.9,59.4
2026-06-16T07:20:06.631Z,Ruang Bayi 1 (NICU),30.9,59.4
2026-06-16T07:20:16.736Z,Ruang Bayi 1 (NICU),30.9,59.3
2026-06-16T07:20:26.619Z,Ruang Bayi 1 (NICU),30.9,59
2026-06-16T07:20:36.688Z,Ruang Bayi 1 (NICU),30.9,57.9
2026-06-16T07:20:46.636Z,Ruang Bayi 1 (NICU),30.9,66.2
2026-06-16T07:20:56.667Z,Ruang Bayi 1 (NICU),30.9,58.8
2026-06-16T07:21:06.649Z,Ruang Bayi 1 (NICU),30.9,57.8
2026-06-16T07:21:16.609Z,Ruang Bayi 1 (NICU),30.9,57.1
2026-06-16T07:21:26.877Z,Ruang Bayi 1 (NICU),30.9,56.8
2026-06-16T07:21:36.627Z,Ruang Bayi 1 (NICU),30.9,56.9
2026-06-16T07:21:46.627Z,Ruang Bayi 1 (NICU),30.9,57
2026-06-16T07:21:56.631Z,Ruang Bayi 1 (NICU),30.9,57.1
2026-06-16T07:22:06.628Z,Ruang Bayi 1 (NICU),31,56.7
2026-06-16T07:22:16.629Z,Ruang Bayi 1 (NICU),31,56.7
2026-06-16T07:22:26.624Z,Ruang Bayi 1 (NICU),31,56.7
2026-06-16T07:22:36.680Z,Ruang Bayi 1 (NICU),31,57.9
2026-06-16T07:22:46.654Z,Ruang Bayi 1 (NICU),31,57.4
2026-06-16T07:22:56.616Z,Ruang Bayi 1 (NICU),31,57
2026-06-16T07:23:06.757Z,Ruang Bayi 1 (NICU),31.1,56.8
2026-06-16T07:23:16.633Z,Ruang Bayi 1 (NICU),31.1,56.7
2026-06-16T07:23:26.993Z,Ruang Bayi 1 (NICU),31.1,56.8
2026-06-16T07:23:36.781Z,Ruang Bayi 1 (NICU),31.1,56.7
2026-06-16T07:23:46.639Z,Ruang Bayi 1 (NICU),31.1,56.5
2026-06-16T07:23:56.666Z,Ruang Bayi 1 (NICU),31.1,56.6
2026-06-16T07:24:06.874Z,Ruang Bayi 1 (NICU),31.1,56.7
2026-06-16T07:24:16.626Z,Ruang Bayi 1 (NICU),31.1,56.7
2026-06-16T07:24:26.653Z,Ruang Bayi 1 (NICU),31.2,56.8
2026-06-16T07:24:36.620Z,Ruang Bayi 1 (NICU),31.2,56.9
2026-06-16T07:24:46.622Z,Ruang Bayi 1 (NICU),31.2,56.8
2026-06-16T07:24:56.610Z,Ruang Bayi 1 (NICU),31.2,56.6
2026-06-16T07:25:06.603Z,Ruang Bayi 1 (NICU),31.2,56.4
2026-06-16T07:25:16.640Z,Ruang Bayi 1 (NICU),31.2,56.5
2026-06-16T07:25:26.709Z,Ruang Bayi 1 (NICU),31.2,56.2
2026-06-16T07:25:36.762Z,Ruang Bayi 1 (NICU),31.2,56.4
2026-06-16T07:25:47.169Z,Ruang Bayi 1 (NICU),31.2,57.9
2026-06-16T07:25:56.817Z,Ruang Bayi 1 (NICU),31.2,57.1
2026-06-16T07:26:06.624Z,Ruang Bayi 1 (NICU),31.3,56.4
2026-06-16T09:40:06.456Z,Ruang Bayi 1 (NICU),32.6,57.8
2026-06-16T09:40:11.232Z,Ruang Bayi 1 (NICU),32.7,57.1
2026-06-16T09:40:21.184Z,Ruang Bayi 1 (NICU),32.9,94
2026-06-16T09:40:31.203Z,Ruang Bayi 1 (NICU),32.8,73.5
2026-06-16T09:40:41.345Z,Ruang Bayi 1 (NICU),32.8,62
2026-06-16T09:40:51.185Z,Ruang Bayi 1 (NICU),32.8,61.4
2026-06-16T09:41:01.197Z,Ruang Bayi 1 (NICU),32.7,60
2026-06-16T09:41:11.206Z,Ruang Bayi 1 (NICU),32.7,59.3
2026-06-16T09:41:21.190Z,Ruang Bayi 1 (NICU),32.7,58.9
2026-06-16T09:41:31.214Z,Ruang Bayi 1 (NICU),32.7,58
2026-06-16T09:41:41.427Z,Ruang Bayi 1 (NICU),32.7,57.5
2026-06-16T09:41:51.204Z,Ruang Bayi 1 (NICU),32.7,57.4
2026-06-16T09:42:01.205Z,Ruang Bayi 1 (NICU),32.7,57.6
2026-06-16T09:42:11.222Z,Ruang Bayi 1 (NICU),32.7,57.4
2026-06-16T09:42:21.204Z,Ruang Bayi 1 (NICU),32.7,60.1
2026-06-16T09:42:31.194Z,Ruang Bayi 1 (NICU),32.7,59.9
2026-06-16T09:42:41.316Z,Ruang Bayi 1 (NICU),32.7,58.6
2026-06-16T09:42:51.264Z,Ruang Bayi 1 (NICU),32.7,60
2026-06-16T09:43:01.201Z,Ruang Bayi 1 (NICU),32.7,58.2
2026-06-16T09:43:11.206Z,Ruang Bayi 1 (NICU),32.7,58.8
2026-06-16T09:43:21.188Z,Ruang Bayi 1 (NICU),32.7,58.3
2026-06-16T09:43:31.232Z,Ruang Bayi 1 (NICU),32.7,58.5
2026-06-16T09:43:41.384Z,Ruang Bayi 1 (NICU),32.7,58.1
2026-06-16T09:43:51.254Z,Ruang Bayi 1 (NICU),32.7,57.5
2026-06-16T09:44:01.188Z,Ruang Bayi 1 (NICU),32.7,56.9
2026-06-16T09:44:11.214Z,Ruang Bayi 1 (NICU),32.7,57
2026-06-16T09:44:21.286Z,Ruang Bayi 1 (NICU),32.7,58.5
2026-06-16T09:44:31.206Z,Ruang Bayi 1 (NICU),32.7,57.1
2026-06-16T09:44:41.206Z,Ruang Bayi 1 (NICU),32.7,56.8
2026-06-16T09:44:51.218Z,Ruang Bayi 1 (NICU),32.7,57
2026-06-16T09:45:01.264Z,Ruang Bayi 1 (NICU),32.7,57.2
2026-06-16T09:45:11.202Z,Ruang Bayi 1 (NICU),32.7,58
2026-06-16T09:45:21.181Z,Ruang Bayi 1 (NICU),32.7,58.1
2026-06-16T09:45:31.185Z,Ruang Bayi 1 (NICU),32.8,57.8
2026-06-16T09:45:41.320Z,Ruang Bayi 1 (NICU),32.7,57
2026-06-16T09:45:51.200Z,Ruang Bayi 1 (NICU),32.7,56.8
2026-06-16T09:46:01.328Z,Ruang Bayi 1 (NICU),32.7,56.9
2026-06-16T09:46:11.216Z,Ruang Bayi 1 (NICU),32.7,57.1
2026-06-16T09:46:21.347Z,Ruang Bayi 1 (NICU),32.7,57
2026-06-16T09:46:31.246Z,Ruang Bayi 1 (NICU),32.7,56.5
2026-06-16T09:46:41.200Z,Ruang Bayi 1 (NICU),32.7,56.5
2026-06-16T09:46:51.202Z,Ruang Bayi 1 (NICU),32.7,56.6
2026-06-16T09:49:24.034Z,Ruang Bayi 1 (NICU),32.7,56.6
2026-06-16T09:49:33.462Z,Ruang Bayi 1 (NICU),32.7,57.3
2026-06-16T09:49:43.457Z,Ruang Bayi 1 (NICU),32.8,75.2
2026-06-16T09:49:53.461Z,Ruang Bayi 1 (NICU),32.9,83.1
2026-06-16T09:50:03.601Z,Ruang Bayi 1 (NICU),32.9,69.3
2026-06-16T09:50:13.525Z,Ruang Bayi 1 (NICU),32.9,62.5
2026-06-16T09:50:23.460Z,Ruang Bayi 1 (NICU),32.8,61.4
2026-06-16T09:50:33.466Z,Ruang Bayi 1 (NICU),32.8,60
2026-06-16T09:50:43.457Z,Ruang Bayi 1 (NICU),32.8,59.5
2026-06-16T09:50:53.464Z,Ruang Bayi 1 (NICU),32.8,59.2
2026-06-16T09:51:03.504Z,Ruang Bayi 1 (NICU),32.8,59.7
2026-06-16T09:51:13.439Z,Ruang Bayi 1 (NICU),32.8,59
2026-06-16T09:51:23.470Z,Ruang Bayi 1 (NICU),32.8,58.8
2026-06-16T09:51:33.588Z,Ruang Bayi 1 (NICU),32.8,58.7
2026-06-16T09:51:43.452Z,Ruang Bayi 1 (NICU),32.8,58.3
2026-06-18T13:37:21.302Z,Ruang Bayi 1 (NICU),30.7,82.4
2026-06-18T13:37:30.649Z,Ruang Bayi 1 (NICU),30.8,82.3
2026-06-18T13:37:40.740Z,Ruang Bayi 1 (NICU),30.8,82.3
2026-06-18T13:37:47.600Z,Ruang Bayi 1 (NICU),30.9,82.4
2026-06-18T13:37:57.666Z,Ruang Bayi 1 (NICU),30.9,82.6
2026-06-18T13:38:10.629Z,Ruang Bayi 1 (NICU),30.9,82.3
2026-06-18T13:38:17.681Z,Ruang Bayi 1 (NICU),30.9,82.2
2026-06-18T13:38:30.759Z,Ruang Bayi 1 (NICU),30.9,82.2
2026-06-18T13:38:37.541Z,Ruang Bayi 1 (NICU),30.9,82.1
2026-06-18T13:38:50.672Z,Ruang Bayi 1 (NICU),30.9,82.1
2026-06-18T13:38:57.737Z,Ruang Bayi 1 (NICU),30.9,82
2026-06-18T13:39:07.599Z,Ruang Bayi 1 (NICU),30.9,82
2026-06-18T13:39:20.638Z,Ruang Bayi 1 (NICU),30.9,81.9
2026-06-18T13:39:27.777Z,Ruang Bayi 1 (NICU),31,81.9
2026-06-18T13:39:37.598Z,Ruang Bayi 1 (NICU),31,81.9
2026-06-18T13:39:47.545Z,Ruang Bayi 1 (NICU),31,82
2026-06-18T13:39:57.578Z,Ruang Bayi 1 (NICU),31,82
2026-06-18T13:40:07.620Z,Ruang Bayi 1 (NICU),31,81.8
2026-06-18T13:40:17.758Z,Ruang Bayi 1 (NICU),31,83.4
2026-06-18T13:40:27.643Z,Ruang Bayi 1 (NICU),31,83.4
2026-06-18T13:40:40.630Z,Ruang Bayi 1 (NICU),31,83.4
2026-06-18T13:40:47.639Z,Ruang Bayi 1 (NICU),31.1,83.4
2026-06-18T13:40:57.578Z,Ruang Bayi 1 (NICU),31.1,82.7
2026-06-18T13:41:10.647Z,Ruang Bayi 1 (NICU),31.1,82.5
2026-06-18T13:41:17.559Z,Ruang Bayi 1 (NICU),31.1,82.9
2026-06-18T13:41:27.598Z,Ruang Bayi 1 (NICU),31.1,83
2026-06-18T13:41:41.001Z,Ruang Bayi 1 (NICU),31.1,83.6
2026-06-18T13:41:47.799Z,Ruang Bayi 1 (NICU),31.1,83.6
2026-06-18T13:41:57.719Z,Ruang Bayi 1 (NICU),31.2,86.8
2026-06-18T13:42:07.536Z,Ruang Bayi 1 (NICU),31.2,86.4
2026-06-18T13:42:20.664Z,Ruang Bayi 1 (NICU),31.2,85.3
2026-06-18T13:42:30.748Z,Ruang Bayi 1 (NICU),31.3,82.8
2026-06-18T13:42:40.656Z,Ruang Bayi 1 (NICU),31.2,83
2026-06-18T13:42:47.531Z,Ruang Bayi 1 (NICU),31.3,83.1
2026-06-18T13:42:57.566Z,Ruang Bayi 1 (NICU),31.3,83.4
2026-06-18T13:43:07.550Z,Ruang Bayi 1 (NICU),31.3,82.9
2026-06-18T13:43:20.527Z,Ruang Bayi 1 (NICU),31.4,82.3
2026-06-18T13:43:27.599Z,Ruang Bayi 1 (NICU),31.6,81.4
2026-06-18T13:43:37.661Z,Ruang Bayi 1 (NICU),32.6,100
2026-06-18T13:43:47.781Z,Ruang Bayi 1 (NICU),35.9,100
2026-06-18T13:43:57.537Z,Ruang Bayi 1 (NICU),39.6,91.6
2026-06-18T13:44:10.631Z,Ruang Bayi 1 (NICU),41.8,65.4
2026-06-18T13:44:17.578Z,Ruang Bayi 1 (NICU),42.1,62.3
2026-06-18T13:44:27.582Z,Ruang Bayi 1 (NICU),41.8,61.6
2026-06-18T13:44:40.714Z,Ruang Bayi 1 (NICU),41.2,59.8
2026-06-18T13:44:47.543Z,Ruang Bayi 1 (NICU),40.5,60
2026-06-18T13:45:00.662Z,Ruang Bayi 1 (NICU),39.8,60.3
2026-06-18T13:45:07.583Z,Ruang Bayi 1 (NICU),39.3,61
2026-06-18T13:45:20.672Z,Ruang Bayi 1 (NICU),38.8,62.6
2026-06-18T13:45:27.534Z,Ruang Bayi 1 (NICU),38.4,63.2
2026-06-18T13:45:37.579Z,Ruang Bayi 1 (NICU),38,63.3
2026-06-18T13:45:50.520Z,Ruang Bayi 1 (NICU),37.7,63.5
2026-06-18T13:45:57.679Z,Ruang Bayi 1 (NICU),37.4,64.9
2026-06-18T13:46:07.537Z,Ruang Bayi 1 (NICU),37.2,65.3
2026-06-18T13:46:20.652Z,Ruang Bayi 1 (NICU),37,65.4
2026-06-18T13:46:27.582Z,Ruang Bayi 1 (NICU),36.8,65.5
2026-06-18T13:46:37.564Z,Ruang Bayi 1 (NICU),36.6,66.9
2026-06-18T13:46:47.541Z,Ruang Bayi 1 (NICU),36.5,66.8
2026-06-18T13:46:57.549Z,Ruang Bayi 1 (NICU),36.3,66.1
2026-06-18T13:47:07.523Z,Ruang Bayi 1 (NICU),36.2,66.8
2026-06-18T13:47:20.636Z,Ruang Bayi 1 (NICU),36,66.8
2026-06-18T13:47:27.562Z,Ruang Bayi 1 (NICU),35.9,67.5
2026-06-18T13:47:37.559Z,Ruang Bayi 1 (NICU),35.8,67.9
2026-06-18T13:47:47.619Z,Ruang Bayi 1 (NICU),35.7,67.4
2026-06-18T13:47:57.539Z,Ruang Bayi 1 (NICU),35.6,67.8
2026-06-18T13:48:07.631Z,Ruang Bayi 1 (NICU),35.5,67.8
2026-06-18T13:48:20.678Z,Ruang Bayi 1 (NICU),35.4,68.3
2026-06-18T13:48:27.556Z,Ruang Bayi 1 (NICU),35.3,68.4
2026-06-18T13:48:37.580Z,Ruang Bayi 1 (NICU),35.1,68.5
2026-06-18T13:48:47.538Z,Ruang Bayi 1 (NICU),35,68.8
2026-06-18T13:48:57.548Z,Ruang Bayi 1 (NICU),35,69
2026-06-18T13:49:07.535Z,Ruang Bayi 1 (NICU),34.9,69
2026-06-18T13:49:20.713Z,Ruang Bayi 1 (NICU),34.8,69.3
2026-06-18T13:49:27.715Z,Ruang Bayi 1 (NICU),34.7,69.4
2026-06-18T13:49:37.580Z,Ruang Bayi 1 (NICU),34.6,69.8
2026-06-18T13:49:47.589Z,Ruang Bayi 1 (NICU),34.5,69.8
2026-06-18T13:49:57.526Z,Ruang Bayi 1 (NICU),34.5,69.8
2026-06-18T13:50:07.538Z,Ruang Bayi 1 (NICU),34.4,70.1
2026-06-18T13:50:20.708Z,Ruang Bayi 1 (NICU),34.3,70.3
2026-06-18T13:50:27.618Z,Ruang Bayi 1 (NICU),34.2,70
2026-06-18T13:50:37.552Z,Ruang Bayi 1 (NICU),34.1,70.4
2026-06-18T13:50:47.590Z,Ruang Bayi 1 (NICU),34.1,71.2
2026-06-18T13:50:57.549Z,Ruang Bayi 1 (NICU),34,71.4
2026-06-18T13:51:07.884Z,Ruang Bayi 1 (NICU),33.9,71.4
2026-06-18T13:51:20.661Z,Ruang Bayi 1 (NICU),33.9,72.1
2026-06-18T13:51:27.519Z,Ruang Bayi 1 (NICU),33.8,72
2026-06-18T13:51:37.600Z,Ruang Bayi 1 (NICU),33.7,72.1
2026-06-18T13:51:47.619Z,Ruang Bayi 1 (NICU),33.7,73
2026-06-18T13:51:57.530Z,Ruang Bayi 1 (NICU),33.6,72.7
2026-06-18T13:52:07.542Z,Ruang Bayi 1 (NICU),33.6,72.5
2026-06-18T13:52:20.684Z,Ruang Bayi 1 (NICU),33.5,72.5
2026-06-18T13:52:27.640Z,Ruang Bayi 1 (NICU),33.5,72.8
2026-06-18T13:52:37.555Z,Ruang Bayi 1 (NICU),33.4,73.1
2026-06-20T04:24:19.405Z,Ruang Bayi 1 (NICU),29.3,81.4
2026-06-20T04:24:25.391Z,Ruang Bayi 1 (NICU),29.3,77.6
2026-06-20T04:24:35.412Z,Ruang Bayi 1 (NICU),29.4,77.4
2026-06-20T04:24:45.622Z,Ruang Bayi 1 (NICU),29.3,77.4
2026-06-20T04:24:55.348Z,Ruang Bayi 1 (NICU),29.4,77.4
2026-06-20T04:25:05.369Z,Ruang Bayi 1 (NICU),29.4,77.3
2026-06-20T04:25:15.380Z,Ruang Bayi 1 (NICU),29.4,77.3
2026-06-20T04:25:25.619Z,Ruang Bayi 1 (NICU),29.4,77.2
2026-06-20T04:25:35.348Z,Ruang Bayi 1 (NICU),29.4,79.4
2026-06-20T04:25:45.353Z,Ruang Bayi 1 (NICU),29.4,78.2
2026-06-20T04:26:53.975Z,Ruang Bayi 1 (NICU),29.4,77.5
2026-06-20T04:27:03.909Z,Ruang Bayi 1 (NICU),29.4,77.3
2026-06-20T04:27:13.953Z,Ruang Bayi 1 (NICU),29.4,77.2
2026-06-20T04:27:23.944Z,Ruang Bayi 1 (NICU),29.4,77.2
2026-06-20T04:27:34.046Z,Ruang Bayi 1 (NICU),29.4,77.2
2026-06-20T04:27:43.910Z,Ruang Bayi 1 (NICU),29.4,77.2
2026-06-20T04:27:53.896Z,Ruang Bayi 1 (NICU),29.4,77.2
2026-06-20T04:29:01.838Z,Ruang Bayi 1 (NICU),29.4,77.1
2026-06-20T04:29:11.796Z,Ruang Bayi 1 (NICU),29.4,77.1
2026-06-20T04:29:21.840Z,Ruang Bayi 1 (NICU),29.4,77.1
2026-06-20T04:29:34.804Z,Ruang Bayi 1 (NICU),29.5,85.8
2026-06-20T04:29:43.920Z,Ruang Bayi 1 (NICU),29.6,95.6
2026-06-20T04:29:54.999Z,Ruang Bayi 1 (NICU),30,100
2026-06-20T04:30:03.974Z,Ruang Bayi 1 (NICU),30.7,100
2026-06-20T04:30:11.672Z,Ruang Bayi 1 (NICU),30.9,100
2026-06-20T04:30:24.947Z,Ruang Bayi 1 (NICU),31.1,100
2026-06-20T04:30:31.680Z,Ruang Bayi 1 (NICU),30.9,100
2026-06-20T04:30:45.014Z,Ruang Bayi 1 (NICU),30.7,100
2026-06-20T04:30:51.680Z,Ruang Bayi 1 (NICU),30.5,100
2026-06-20T04:31:01.672Z,Ruang Bayi 1 (NICU),30.4,100
2026-06-20T04:31:11.733Z,Ruang Bayi 1 (NICU),30.3,100
2026-06-20T04:31:21.771Z,Ruang Bayi 1 (NICU),30.1,100
2026-06-20T04:31:33.819Z,Ruang Bayi 1 (NICU),30,90.1
2026-06-20T04:31:41.835Z,Ruang Bayi 1 (NICU),29.8,81.8
2026-06-20T04:31:52.173Z,Ruang Bayi 1 (NICU),29.8,79.9
2026-06-20T04:32:05.036Z,Ruang Bayi 1 (NICU),29.8,79.1
2026-06-20T04:32:11.860Z,Ruang Bayi 1 (NICU),29.8,78.4
2026-06-20T04:32:24.779Z,Ruang Bayi 1 (NICU),29.8,78
2026-06-20T04:32:31.711Z,Ruang Bayi 1 (NICU),29.8,77.9
2026-06-20T04:32:41.712Z,Ruang Bayi 1 (NICU),29.8,77.8
2026-06-20T04:32:51.751Z,Ruang Bayi 1 (NICU),29.8,77.7
2026-06-20T04:33:01.713Z,Ruang Bayi 1 (NICU),29.8,77.5
2026-06-20T04:33:11.693Z,Ruang Bayi 1 (NICU),29.8,77.5
2026-06-20T04:33:24.826Z,Ruang Bayi 1 (NICU),29.8,77.3
2026-06-20T04:33:31.710Z,Ruang Bayi 1 (NICU),29.8,77.3
2026-06-20T04:33:41.744Z,Ruang Bayi 1 (NICU),29.8,77.2
2026-06-20T04:33:51.817Z,Ruang Bayi 1 (NICU),29.8,77.2
2026-06-20T04:34:01.719Z,Ruang Bayi 1 (NICU),29.8,77.1
2026-06-20T04:34:58.404Z,Ruang Bayi 1 (NICU),29.8,77
2026-06-20T04:35:08.822Z,Ruang Bayi 1 (NICU),29.9,76.7
2026-06-20T04:35:18.273Z,Ruang Bayi 1 (NICU),29.9,76.7
2026-06-20T04:35:28.272Z,Ruang Bayi 1 (NICU),29.9,76.7
2026-06-20T04:35:40.198Z,Ruang Bayi 1 (NICU),30.1,97.9
2026-06-20T04:35:51.250Z,Ruang Bayi 1 (NICU),30.5,100
2026-06-20T04:35:58.262Z,Ruang Bayi 1 (NICU),30.6,100
2026-06-20T04:36:08.282Z,Ruang Bayi 1 (NICU),30.3,80.9
2026-06-20T04:36:18.282Z,Ruang Bayi 1 (NICU),30.2,78
2026-06-20T04:36:28.351Z,Ruang Bayi 1 (NICU),30.1,77.2
2026-06-20T04:36:41.221Z,Ruang Bayi 1 (NICU),30.1,77
2026-06-20T04:36:48.273Z,Ruang Bayi 1 (NICU),30.1,77
2026-06-20T04:36:58.295Z,Ruang Bayi 1 (NICU),30.1,77
2026-06-20T04:37:08.290Z,Ruang Bayi 1 (NICU),30.1,76.8
2026-06-20T04:37:18.384Z,Ruang Bayi 1 (NICU),30.1,76.7
2026-06-20T04:37:28.286Z,Ruang Bayi 1 (NICU),30.1,76.6
2026-06-20T04:37:41.474Z,Ruang Bayi 1 (NICU),30.1,76.6
2026-06-20T04:37:48.281Z,Ruang Bayi 1 (NICU),30.1,76.5
2026-06-20T04:37:58.301Z,Ruang Bayi 1 (NICU),30.1,76.4
2026-06-20T04:38:11.323Z,Ruang Bayi 1 (NICU),30.1,76.4
2026-06-20T04:38:18.314Z,Ruang Bayi 1 (NICU),30.1,76.4
2026-06-20T04:38:31.308Z,Ruang Bayi 1 (NICU),30.1,76.4
2026-06-20T04:38:38.277Z,Ruang Bayi 1 (NICU),30.1,76.5
2026-06-20T04:38:48.257Z,Ruang Bayi 1 (NICU),30.1,76.5
2026-06-20T04:38:58.247Z,Ruang Bayi 1 (NICU),30.1,76.5
2026-06-20T04:39:08.261Z,Ruang Bayi 1 (NICU),30.1,76.4
2026-06-20T04:39:18.296Z,Ruang Bayi 1 (NICU),30.1,76.2
2026-06-20T04:39:28.309Z,Ruang Bayi 1 (NICU),30.1,76.1
2026-06-20T04:39:41.347Z,Ruang Bayi 1 (NICU),30.1,76.3
2026-06-20T04:39:48.361Z,Ruang Bayi 1 (NICU),30.1,76.4
2026-06-20T04:39:58.265Z,Ruang Bayi 1 (NICU),30.1,76.4
2026-06-20T04:40:08.738Z,Ruang Bayi 1 (NICU),30.1,76.2
2026-06-20T04:40:21.356Z,Ruang Bayi 1 (NICU),30.1,76.2
2026-06-20T04:40:28.287Z,Ruang Bayi 1 (NICU),30.1,76.3
2026-06-20T04:40:38.272Z,Ruang Bayi 1 (NICU),30.1,76.3
2026-06-20T04:40:48.237Z,Ruang Bayi 1 (NICU),30.1,76.3
2026-06-20T04:41:01.251Z,Ruang Bayi 1 (NICU),30.1,76.3
2026-06-20T04:41:08.723Z,Ruang Bayi 1 (NICU),30.1,76.2
2026-06-20T04:41:21.451Z,Ruang Bayi 1 (NICU),30.1,76.1
2026-06-20T04:41:28.260Z,Ruang Bayi 1 (NICU),30.1,76.1
2026-06-20T04:41:38.300Z,Ruang Bayi 1 (NICU),30.2,76.1
2026-06-20T04:41:48.261Z,Ruang Bayi 1 (NICU),30.2,76.1
2026-06-20T04:41:58.396Z,Ruang Bayi 1 (NICU),30.2,76
2026-06-20T04:42:08.271Z,Ruang Bayi 1 (NICU),30.1,76
2026-06-20T04:42:21.528Z,Ruang Bayi 1 (NICU),30.2,76
2026-06-20T04:42:28.296Z,Ruang Bayi 1 (NICU),30.2,76
2026-06-20T04:42:41.702Z,Ruang Bayi 1 (NICU),30.2,75.9
2026-06-20T04:42:48.324Z,Ruang Bayi 1 (NICU),30.2,75.9
2026-06-20T04:42:58.245Z,Ruang Bayi 1 (NICU),30.2,75.9
2026-06-20T04:43:08.359Z,Ruang Bayi 1 (NICU),30.2,75.7
2026-06-20T04:43:18.259Z,Ruang Bayi 1 (NICU),30.2,75.7
2026-06-20T04:43:28.254Z,Ruang Bayi 1 (NICU),30.2,75.7
2026-06-20T04:43:38.398Z,Ruang Bayi 1 (NICU),30.2,75.7
2026-06-20T04:43:48.571Z,Ruang Bayi 1 (NICU),30.2,75.9
2026-06-20T04:43:58.270Z,Ruang Bayi 1 (NICU),30.2,75.8
2026-06-20T04:44:08.270Z,Ruang Bayi 1 (NICU),30.2,76
2026-06-20T04:44:18.261Z,Ruang Bayi 1 (NICU),30.2,76.2
2026-06-20T04:44:28.258Z,Ruang Bayi 1 (NICU),30.2,76.1
2026-06-20T04:44:38.294Z,Ruang Bayi 1 (NICU),30.2,76.2
2026-06-20T04:44:48.317Z,Ruang Bayi 1 (NICU),30.2,76.2
2026-06-20T04:44:58.618Z,Ruang Bayi 1 (NICU),30.2,76
2026-06-20T04:45:08.247Z,Ruang Bayi 1 (NICU),30.2,76
2026-06-20T04:45:18.224Z,Ruang Bayi 1 (NICU),30.2,75.9
2026-06-20T04:45:28.303Z,Ruang Bayi 1 (NICU),30.2,75.9
2026-06-20T04:45:38.316Z,Ruang Bayi 1 (NICU),30.2,75.8
2026-06-20T04:45:48.402Z,Ruang Bayi 1 (NICU),30.2,75.8
2026-06-20T04:45:58.284Z,Ruang Bayi 1 (NICU),30.3,75.7
2026-06-20T04:46:08.281Z,Ruang Bayi 1 (NICU),30.3,75.6
2026-06-20T04:46:18.268Z,Ruang Bayi 1 (NICU),30.3,75.5
2026-06-20T04:46:28.468Z,Ruang Bayi 1 (NICU),30.3,75.4
2026-06-20T04:46:38.268Z,Ruang Bayi 1 (NICU),30.3,75.4
2026-06-20T04:46:48.261Z,Ruang Bayi 1 (NICU),30.3,75.3
2026-06-20T04:46:58.359Z,Ruang Bayi 1 (NICU),30.3,75.3
2026-06-20T04:47:08.339Z,Ruang Bayi 1 (NICU),30.3,75.3
2026-06-20T04:47:18.231Z,Ruang Bayi 1 (NICU),30.3,75.3
2026-06-20T04:47:28.259Z,Ruang Bayi 1 (NICU),30.3,75.3
2026-06-20T04:47:38.358Z,Ruang Bayi 1 (NICU),30.3,75.3
2026-06-20T04:47:48.263Z,Ruang Bayi 1 (NICU),30.3,75.2
2026-06-20T04:47:58.262Z,Ruang Bayi 1 (NICU),30.3,75.2
2026-06-20T04:48:08.272Z,Ruang Bayi 1 (NICU),30.3,75.3
2026-06-20T04:48:18.283Z,Ruang Bayi 1 (NICU),30.4,75.3
2026-06-20T04:48:28.293Z,Ruang Bayi 1 (NICU),30.4,75.1
2026-06-20T04:48:38.254Z,Ruang Bayi 1 (NICU),30.3,75
2026-06-20T04:48:48.272Z,Ruang Bayi 1 (NICU),30.3,75.2
2026-06-20T04:48:58.244Z,Ruang Bayi 1 (NICU),30.3,75.3
2026-06-20T04:49:08.267Z,Ruang Bayi 1 (NICU),30.3,75.4
2026-06-20T04:49:18.566Z,Ruang Bayi 1 (NICU),30.2,75.5
2026-06-20T04:49:28.259Z,Ruang Bayi 1 (NICU),30.2,75.6
2026-06-20T04:49:38.370Z,Ruang Bayi 1 (NICU),30.2,75.6
2026-06-20T04:49:48.277Z,Ruang Bayi 1 (NICU),30.2,75.6
2026-06-20T04:49:58.252Z,Ruang Bayi 1 (NICU),30.2,75.6
2026-06-20T04:50:08.285Z,Ruang Bayi 1 (NICU),30.2,75.6
2026-06-20T04:50:18.318Z,Ruang Bayi 1 (NICU),30.2,75.6
2026-06-20T04:50:28.248Z,Ruang Bayi 1 (NICU),30.2,75.5
2026-06-20T04:50:38.281Z,Ruang Bayi 1 (NICU),30.2,75.5
2026-06-20T04:50:48.251Z,Ruang Bayi 1 (NICU),30.2,75.5
2026-06-20T04:50:58.427Z,Ruang Bayi 1 (NICU),30.2,75.5
2026-06-20T04:51:08.294Z,Ruang Bayi 1 (NICU),30.2,75.5
2026-06-20T04:51:18.292Z,Ruang Bayi 1 (NICU),30.2,75.5
2026-06-20T04:51:28.260Z,Ruang Bayi 1 (NICU),30.2,75.5
2026-06-20T04:51:38.544Z,Ruang Bayi 1 (NICU),30.2,75.5
2026-06-20T04:51:48.267Z,Ruang Bayi 1 (NICU),30.2,75.4
2026-06-20T04:51:58.256Z,Ruang Bayi 1 (NICU),30.2,75.5
2026-06-20T04:52:08.259Z,Ruang Bayi 1 (NICU),30.2,75.5
2026-06-20T04:52:18.413Z,Ruang Bayi 1 (NICU),30.2,75.5
2026-06-20T04:52:28.272Z,Ruang Bayi 1 (NICU),30.2,75.5
2026-06-20T04:52:38.253Z,Ruang Bayi 1 (NICU),30.2,75.5
2026-06-20T04:52:48.300Z,Ruang Bayi 1 (NICU),30.2,75.5
2026-06-20T04:53:01.444Z,Ruang Bayi 1 (NICU),30.2,75.6
2026-06-20T04:53:08.269Z,Ruang Bayi 1 (NICU),30.2,75.7
2026-06-20T04:53:18.265Z,Ruang Bayi 1 (NICU),30.2,75.6
2026-06-20T04:53:28.338Z,Ruang Bayi 1 (NICU),30.2,75.6
2026-06-20T04:53:38.242Z,Ruang Bayi 1 (NICU),30.2,75.5
2026-06-20T04:53:48.493Z,Ruang Bayi 1 (NICU),30.2,75.5
2026-06-20T04:53:58.246Z,Ruang Bayi 1 (NICU),30.2,75.5
2026-06-20T04:54:08.313Z,Ruang Bayi 1 (NICU),30.2,75.5
2026-06-20T04:54:18.580Z,Ruang Bayi 1 (NICU),30.2,75.5
2026-06-20T04:54:28.216Z,Ruang Bayi 1 (NICU),30.2,75.5
2026-06-20T04:54:38.259Z,Ruang Bayi 1 (NICU),30.2,75.5
2026-06-20T04:54:48.244Z,Ruang Bayi 1 (NICU),30.2,75.4
2026-06-20T04:54:58.269Z,Ruang Bayi 1 (NICU),30.2,75.5
2026-06-20T04:55:08.241Z,Ruang Bayi 1 (NICU),30.2,75.4
2026-06-20T04:55:19.295Z,Ruang Bayi 1 (NICU),30.2,75.4
2026-06-20T04:55:28.240Z,Ruang Bayi 1 (NICU),30.2,75.4
2026-06-20T04:55:38.302Z,Ruang Bayi 1 (NICU),30.2,75.4
2026-06-20T04:55:48.240Z,Ruang Bayi 1 (NICU),30.2,75.4
2026-06-20T04:55:58.263Z,Ruang Bayi 1 (NICU),30.2,75.4
2026-06-20T04:56:11.590Z,Ruang Bayi 1 (NICU),30.2,75.4
2026-06-20T04:56:18.295Z,Ruang Bayi 1 (NICU),30.2,75.4
2026-06-20T04:56:28.235Z,Ruang Bayi 1 (NICU),30.2,75.5
2026-06-20T04:56:38.355Z,Ruang Bayi 1 (NICU),30.2,75.4
2026-06-20T04:56:48.224Z,Ruang Bayi 1 (NICU),30.2,75.3
2026-06-20T04:56:58.238Z,Ruang Bayi 1 (NICU),30.2,75.4
2026-06-20T04:57:08.274Z,Ruang Bayi 1 (NICU),30.2,75.4
2026-06-20T04:57:18.252Z,Ruang Bayi 1 (NICU),30.2,75.4
2026-06-20T04:57:28.228Z,Ruang Bayi 1 (NICU),30.2,75.4
2026-06-20T04:57:38.290Z,Ruang Bayi 1 (NICU),30.2,75.5
2026-06-20T04:57:48.257Z,Ruang Bayi 1 (NICU),30.2,75.6
2026-06-20T04:57:58.240Z,Ruang Bayi 1 (NICU),30.2,75.6
2026-06-20T04:58:08.261Z,Ruang Bayi 1 (NICU),30.2,75.5
2026-06-20T04:58:18.250Z,Ruang Bayi 1 (NICU),30.3,75.3
2026-06-20T04:58:28.233Z,Ruang Bayi 1 (NICU),30.3,75.3
2026-06-20T04:58:38.254Z,Ruang Bayi 1 (NICU),30.3,75.2
2026-06-20T04:58:48.245Z,Ruang Bayi 1 (NICU),30.3,75.1
2026-06-20T04:58:58.255Z,Ruang Bayi 1 (NICU),30.3,75.1
2026-06-20T04:59:08.251Z,Ruang Bayi 1 (NICU),30.3,75
2026-06-20T04:59:18.504Z,Ruang Bayi 1 (NICU),30.3,75
2026-06-20T04:59:28.245Z,Ruang Bayi 1 (NICU),30.3,75
2026-06-20T04:59:38.344Z,Ruang Bayi 1 (NICU),30.4,75.1
2026-06-20T04:59:48.289Z,Ruang Bayi 1 (NICU),30.4,75
2026-06-20T04:59:58.348Z,Ruang Bayi 1 (NICU),30.4,75
2026-06-20T05:00:08.251Z,Ruang Bayi 1 (NICU),30.4,74.9
2026-06-20T05:00:18.256Z,Ruang Bayi 1 (NICU),30.4,75
2026-06-20T05:00:28.303Z,Ruang Bayi 1 (NICU),30.3,75.2
2026-06-20T05:00:38.243Z,Ruang Bayi 1 (NICU),30.3,75.4
2026-06-20T05:00:48.235Z,Ruang Bayi 1 (NICU),30.3,75.5
2026-06-20T05:00:58.314Z,Ruang Bayi 1 (NICU),30.3,75.6
2026-06-20T05:01:08.258Z,Ruang Bayi 1 (NICU),30.2,75.4
2026-06-20T05:01:18.236Z,Ruang Bayi 1 (NICU),30.2,76
2026-06-20T05:01:28.274Z,Ruang Bayi 1 (NICU),30.2,75.9
2026-06-20T05:01:38.249Z,Ruang Bayi 1 (NICU),30.1,75.9
2026-06-20T05:01:48.247Z,Ruang Bayi 1 (NICU),30.1,76
2026-06-20T05:01:58.277Z,Ruang Bayi 1 (NICU),30.1,76.3
2026-06-20T05:02:08.238Z,Ruang Bayi 1 (NICU),30.1,76.1
2026-06-20T05:02:18.244Z,Ruang Bayi 1 (NICU),30.1,76
2026-06-20T05:02:28.221Z,Ruang Bayi 1 (NICU),30.1,76
2026-06-20T05:02:38.349Z,Ruang Bayi 1 (NICU),30.1,76.3
2026-06-20T05:02:48.246Z,Ruang Bayi 1 (NICU),30.1,76.2
2026-06-20T05:02:58.228Z,Ruang Bayi 1 (NICU),30,76.2
2026-06-20T05:03:08.278Z,Ruang Bayi 1 (NICU),30,76.1
2026-06-20T05:03:18.277Z,Ruang Bayi 1 (NICU),30,76.1
2026-06-20T05:03:28.221Z,Ruang Bayi 1 (NICU),30,76.1
2026-06-20T05:03:38.492Z,Ruang Bayi 1 (NICU),30,76.1
2026-06-20T05:03:48.246Z,Ruang Bayi 1 (NICU),30,76.1
2026-06-20T05:03:58.262Z,Ruang Bayi 1 (NICU),30,76.3
2026-06-20T05:04:10.248Z,Ruang Bayi 1 (NICU),29.9,76.2
2026-06-20T05:04:20.237Z,Ruang Bayi 1 (NICU),30,76.5
2026-06-20T05:04:30.317Z,Ruang Bayi 1 (NICU),29.9,76.3
2026-06-20T05:04:38.228Z,Ruang Bayi 1 (NICU),29.9,76.3
2026-06-20T05:04:50.228Z,Ruang Bayi 1 (NICU),30,76.4
2026-06-20T05:04:58.288Z,Ruang Bayi 1 (NICU),30,76.3
2026-06-20T05:05:08.220Z,Ruang Bayi 1 (NICU),30,76.4
2026-06-20T05:11:35.905Z,Ruang Bayi 1 (NICU),30.2,76.7
2026-06-20T05:11:43.101Z,Ruang Bayi 1 (NICU),30.2,75.9
2026-06-20T05:11:53.019Z,Ruang Bayi 1 (NICU),30.2,75.7
2026-06-20T05:12:03.140Z,Ruang Bayi 1 (NICU),30.2,76.9
2026-06-20T05:12:13.016Z,Ruang Bayi 1 (NICU),30.3,77.7
2026-06-20T05:12:23.467Z,Ruang Bayi 1 (NICU),30.3,76.2
2026-06-20T05:12:33.013Z,Ruang Bayi 1 (NICU),30.4,75.6
2026-06-20T05:12:43.017Z,Ruang Bayi 1 (NICU),30.4,75.4
2026-06-20T05:12:53.039Z,Ruang Bayi 1 (NICU),30.4,75.2
2026-06-20T05:13:03.003Z,Ruang Bayi 1 (NICU),30.4,75.1
2026-06-20T05:13:13.135Z,Ruang Bayi 1 (NICU),30.4,76.3
2026-06-20T05:13:23.028Z,Ruang Bayi 1 (NICU),30.5,75.8
2026-06-20T05:13:33.013Z,Ruang Bayi 1 (NICU),30.5,75.8
2026-06-20T05:13:43.012Z,Ruang Bayi 1 (NICU),30.5,75.4
2026-06-20T05:13:53.013Z,Ruang Bayi 1 (NICU),30.5,75.1
2026-06-20T05:14:03.064Z,Ruang Bayi 1 (NICU),30.5,74.9
2026-06-20T05:14:13.010Z,Ruang Bayi 1 (NICU),30.5,74.8
2026-06-20T05:14:23.022Z,Ruang Bayi 1 (NICU),30.5,75.5
2026-06-20T05:14:33.196Z,Ruang Bayi 1 (NICU),30.5,75.2
2026-06-20T05:14:43.333Z,Ruang Bayi 1 (NICU),30.5,77.8
2026-06-20T05:14:53.134Z,Ruang Bayi 1 (NICU),30.5,76.1
2026-06-20T05:15:03.026Z,Ruang Bayi 1 (NICU),30.6,75.6
2026-06-20T05:15:13.027Z,Ruang Bayi 1 (NICU),30.6,76.3
2026-06-20T05:15:23.032Z,Ruang Bayi 1 (NICU),30.6,77.7
2026-06-20T05:15:33.293Z,Ruang Bayi 1 (NICU),30.6,76.2
2026-06-20T05:15:43.011Z,Ruang Bayi 1 (NICU),30.6,75.5
2026-06-20T05:15:53.000Z,Ruang Bayi 1 (NICU),30.6,75
2026-06-20T05:16:03.158Z,Ruang Bayi 1 (NICU),30.6,75
2026-06-20T05:16:13.003Z,Ruang Bayi 1 (NICU),30.6,74.9
2026-06-20T05:16:23.008Z,Ruang Bayi 1 (NICU),30.6,74.6
2026-06-20T05:16:33.021Z,Ruang Bayi 1 (NICU),30.7,74.8
2026-06-20T05:16:44.015Z,Ruang Bayi 1 (NICU),30.7,74.4
2026-06-20T05:16:53.117Z,Ruang Bayi 1 (NICU),30.7,74.5
2026-06-20T05:17:02.990Z,Ruang Bayi 1 (NICU),30.7,74.2
2026-06-20T05:17:13.045Z,Ruang Bayi 1 (NICU),30.7,74.1
2026-06-20T05:17:22.994Z,Ruang Bayi 1 (NICU),30.7,74.2
2026-06-20T05:17:33.008Z,Ruang Bayi 1 (NICU),30.7,74.5
2026-06-20T05:17:43.079Z,Ruang Bayi 1 (NICU),30.7,74.2
2026-06-20T05:17:53.198Z,Ruang Bayi 1 (NICU),30.7,74.1
2026-06-20T05:46:41.350Z,Ruang Bayi 1 (NICU),30,75.5
2026-06-20T05:46:45.765Z,Ruang Bayi 1 (NICU),30,75.3
2026-06-20T05:46:55.823Z,Ruang Bayi 1 (NICU),30,75.3
2026-06-20T05:47:05.872Z,Ruang Bayi 1 (NICU),30,75.2
2026-06-20T05:47:15.791Z,Ruang Bayi 1 (NICU),30,75.2
2026-06-20T05:47:25.821Z,Ruang Bayi 1 (NICU),30,75.2
2026-06-20T05:47:35.775Z,Ruang Bayi 1 (NICU),30,75.2
2026-06-20T05:47:45.811Z,Ruang Bayi 1 (NICU),30,75.2
2026-06-20T05:47:55.860Z,Ruang Bayi 1 (NICU),30,75.2
2026-06-20T05:48:05.762Z,Ruang Bayi 1 (NICU),30,75.2
2026-06-20T05:48:15.763Z,Ruang Bayi 1 (NICU),30,75.2
2026-06-20T05:48:25.776Z,Ruang Bayi 1 (NICU),30,75.4
2026-06-20T05:48:35.947Z,Ruang Bayi 1 (NICU),30,75.4
2026-06-20T05:48:45.839Z,Ruang Bayi 1 (NICU),30,75.4
2026-06-20T05:48:55.796Z,Ruang Bayi 1 (NICU),30,75.5
2026-06-20T05:49:05.779Z,Ruang Bayi 1 (NICU),30,75.5
2026-06-20T05:49:15.871Z,Ruang Bayi 1 (NICU),30,75.4
2026-06-20T05:49:25.904Z,Ruang Bayi 1 (NICU),30,75.4
2026-06-20T05:49:35.781Z,Ruang Bayi 1 (NICU),30,75.3
2026-06-20T05:49:45.972Z,Ruang Bayi 1 (NICU),30,75.2
2026-06-20T05:49:55.772Z,Ruang Bayi 1 (NICU),30,75.2
2026-06-20T05:50:05.769Z,Ruang Bayi 1 (NICU),30,75.2
2026-06-20T05:50:15.763Z,Ruang Bayi 1 (NICU),30,75.1
2026-06-20T05:50:25.770Z,Ruang Bayi 1 (NICU),30,75.2
2026-06-20T05:50:35.761Z,Ruang Bayi 1 (NICU),30,75.3
2026-06-20T05:50:45.780Z,Ruang Bayi 1 (NICU),30.1,75.4
2026-06-20T05:50:55.774Z,Ruang Bayi 1 (NICU),30,75.3
2026-06-20T05:51:06.067Z,Ruang Bayi 1 (NICU),30,75.4
2026-06-20T05:51:15.754Z,Ruang Bayi 1 (NICU),30,75.3
2026-06-20T05:51:25.765Z,Ruang Bayi 1 (NICU),30,75.3
2026-06-20T05:51:35.792Z,Ruang Bayi 1 (NICU),30,75.3
2026-06-20T05:51:45.898Z,Ruang Bayi 1 (NICU),30,75.3
2026-06-20T05:51:55.755Z,Ruang Bayi 1 (NICU),30,75.3
2026-06-20T05:52:05.760Z,Ruang Bayi 1 (NICU),30.1,75.2
2026-06-20T05:52:15.826Z,Ruang Bayi 1 (NICU),30.1,75.3
2026-06-20T05:52:25.757Z,Ruang Bayi 1 (NICU),30,75.2
2026-06-20T05:52:35.841Z,Ruang Bayi 1 (NICU),30.1,75.2
2026-06-20T05:52:45.748Z,Ruang Bayi 1 (NICU),30.1,75.2
2026-06-20T05:52:55.777Z,Ruang Bayi 1 (NICU),30,75.1
2026-06-20T05:53:05.818Z,Ruang Bayi 1 (NICU),30.1,75.1
2026-06-20T05:53:15.754Z,Ruang Bayi 1 (NICU),30.1,75.1
2026-06-20T05:53:25.755Z,Ruang Bayi 1 (NICU),30.1,75.2
2026-06-20T05:53:35.740Z,Ruang Bayi 1 (NICU),30.1,75.2
2026-06-20T05:53:45.777Z,Ruang Bayi 1 (NICU),30.1,75.1
2026-06-20T05:53:55.794Z,Ruang Bayi 1 (NICU),30.1,75.1
2026-06-20T05:54:05.763Z,Ruang Bayi 1 (NICU),30.1,75.1
2026-06-20T05:54:15.858Z,Ruang Bayi 1 (NICU),30.1,75.1
2026-06-20T05:54:25.769Z,Ruang Bayi 1 (NICU),30.1,75.2
2026-06-20T05:54:35.824Z,Ruang Bayi 1 (NICU),30.1,75.2
2026-06-20T05:54:45.760Z,Ruang Bayi 1 (NICU),30.1,75.3
2026-06-20T05:54:55.830Z,Ruang Bayi 1 (NICU),30.1,75.3
2026-06-20T05:55:05.813Z,Ruang Bayi 1 (NICU),30.1,75.3
2026-06-20T05:55:16.014Z,Ruang Bayi 1 (NICU),30.1,75.2
2026-06-20T05:55:25.823Z,Ruang Bayi 1 (NICU),30.1,75.3
2026-06-20T05:55:35.777Z,Ruang Bayi 1 (NICU),30.1,75.3
2026-06-20T05:55:45.762Z,Ruang Bayi 1 (NICU),30.1,75.2
2026-06-20T05:55:56.193Z,Ruang Bayi 1 (NICU),30.1,75.2
2026-06-20T05:56:05.988Z,Ruang Bayi 1 (NICU),30.1,75.2
2026-06-20T05:56:15.798Z,Ruang Bayi 1 (NICU),30.1,75.1
2026-06-20T05:56:25.879Z,Ruang Bayi 1 (NICU),30.2,75
2026-06-20T05:56:35.759Z,Ruang Bayi 1 (NICU),30.2,75
2026-06-20T05:56:45.757Z,Ruang Bayi 1 (NICU),30.2,74.9
2026-06-20T05:56:55.753Z,Ruang Bayi 1 (NICU),30.2,75
2026-06-20T05:57:06.013Z,Ruang Bayi 1 (NICU),30.2,74.9
2026-06-20T05:57:15.750Z,Ruang Bayi 1 (NICU),30.2,74.9
2026-06-20T05:57:25.798Z,Ruang Bayi 1 (NICU),30.2,74.8
2026-06-20T05:57:35.832Z,Ruang Bayi 1 (NICU),30.2,74.7
2026-06-20T05:57:45.796Z,Ruang Bayi 1 (NICU),30.2,74.7
2026-06-20T05:57:55.759Z,Ruang Bayi 1 (NICU),30.2,74.7
2026-06-20T05:58:05.754Z,Ruang Bayi 1 (NICU),30.2,74.8
2026-06-20T05:58:15.827Z,Ruang Bayi 1 (NICU),30.2,74.7
2026-06-20T05:58:25.756Z,Ruang Bayi 1 (NICU),30.2,74.7
2026-06-20T05:58:35.760Z,Ruang Bayi 1 (NICU),30.2,74.6
2026-06-20T05:58:45.761Z,Ruang Bayi 1 (NICU),30.2,74.6
2026-06-20T05:58:55.766Z,Ruang Bayi 1 (NICU),30.2,74.6
2026-06-20T05:59:05.744Z,Ruang Bayi 1 (NICU),30.2,74.6
2026-06-20T05:59:15.755Z,Ruang Bayi 1 (NICU),30.2,74.6
2026-06-20T05:59:25.855Z,Ruang Bayi 1 (NICU),30.2,74.5
2026-06-20T05:59:35.966Z,Ruang Bayi 1 (NICU),30.2,74.5
2026-06-20T05:59:46.035Z,Ruang Bayi 1 (NICU),30.3,74.5
2026-06-20T05:59:55.768Z,Ruang Bayi 1 (NICU),30.3,74.5
2026-06-20T06:12:43.677Z,Ruang Bayi 1 (NICU),31.1,72
2026-06-20T06:12:49.778Z,Ruang Bayi 1 (NICU),31.1,71.9
2026-06-20T06:12:59.851Z,Ruang Bayi 1 (NICU),31.1,71.8
2026-06-20T06:13:09.769Z,Ruang Bayi 1 (NICU),31.1,71.9
2026-06-20T06:13:19.745Z,Ruang Bayi 1 (NICU),31.1,71.8
2026-06-20T06:13:29.801Z,Ruang Bayi 1 (NICU),31.2,71.8
2026-06-20T06:13:39.908Z,Ruang Bayi 1 (NICU),31.1,71.8
2026-06-20T06:13:49.733Z,Ruang Bayi 1 (NICU),31.1,71.8
2026-06-20T06:13:59.780Z,Ruang Bayi 1 (NICU),31.2,71.8
2026-06-20T06:14:09.716Z,Ruang Bayi 1 (NICU),31.2,71.8
2026-06-20T06:14:19.714Z,Ruang Bayi 1 (NICU),31.2,71.6
2026-06-20T06:14:29.739Z,Ruang Bayi 1 (NICU),31.2,71.5
2026-06-20T06:16:10.883Z,Ruang Bayi 1 (NICU),31.2,71.5
2026-06-20T06:16:20.823Z,Ruang Bayi 1 (NICU),31.1,71.6
